0,0,0,1,2,3,4,5,6,7,8,9,10,11,12,13,14,15,16,17,18,19,20,21,22,23,24,25,26,27,28,29,30,31,32,33,34,35,36,37,38,39,40,41,42,43,44,45,46,47,48,49,50,51,52,53,54,55,56,57,58,59,60,61,62,63,64,65,66,67,68,69,70,71,72,73,74,75,76,77,78,79,80,81,82,83,84,85,86,87,88,89,90,91,92,93,94,95,96,97,98,99
-0.046253752,8.799521,11.363833,10.242143,11.6962185,11.853374,12.006964,11.901936,11.882283,11.488714,11.308301,11.604281,11.822806,11.063706,11.871332,11.085613,11.24461,12.134028,12.056474,10.942322,10.726017,11.06827,11.068648,10.926982,12.668974,11.101827,11.597687,10.619704,11.410974,11.308663,12.218914,11.785567,11.867231,11.464104,11.440781,11.096575,11.383496,10.93782,11.665805,10.80795,11.735408,11.543104,10.823806,11.322178,11.333596,10.94667,12.132238,12.5208435,12.310017,12.082898,11.595071,11.51274,11.113779,11.915569,10.544407,11.390152,11.536364,11.915842,11.704426,11.349428,11.1224,11.746887,11.416293,11.064465,11.576457,10.920834,11.159326,11.032648,10.993577,11.721819,11.818221,11.428989,11.601692,11.570695,11.954719,11.443312,11.590502,11.166014,11.327306,11.649044,13.054739,11.971382,10.961246,11.680876,11.562553,11.255212,11.9050255,11.793062,10.5724745,11.406914,10.79521,10.816545,10.974851,11.468799,12.029565,11.713893,9.945909,11.1425705,12.456892,10.980781,10.78343,11.945885
-1.5287596,12.863106,11.4546795,9.939397,10.668129,9.848486,10.666574,10.479009,11.253519,10.0724945,10.598615,10.324223,10.175392,10.406085,10.213555,10.493753,11.682784,10.755773,10.9447155,10.002537,11.212774,10.690733,10.792987,10.727299,11.113574,10.249427,9.993756,10.651936,10.295604,10.086062,10.276117,10.723022,11.945379,11.183287,9.673892,11.07406,10.917286,10.183959,10.804121,10.335063,11.283527,10.87033,10.053884,9.905149,11.135535,11.187129,11.130816,10.82283,11.365193,11.005335,10.600406,11.288789,9.993074,9.00586,10.623086,11.01058,11.1680975,11.292195,10.314165,10.518524,10.680587,10.438503,9.934841,9.265075,10.44644,9.425826,9.506826,11.433336,10.271874,9.787867,9.579995,10.463856,11.241897,10.399056,10.172945,10.897918,9.930881,10.49463,10.138096,11.317043,10.7291,10.326988,10.218389,10.044581,11.241433,11.296615,10.780285,10.225935,11.524431,9.783081,10.661922,10.247611,10.557741,10.412008,9.803317,10.829025,11.120697,10.854324,9.82987,10.571703,10.511824,11.48392
-0.668666,3.0021985,10.868931,10.567495,10.709118,10.7492075,10.296008,10.479848,10.60036,10.512624,9.7926445,10.029605,11.29634,10.535002,10.155967,11.329853,10.67022,9.9839,9.963665,11.108381,11.850453,11.633252,10.218504,10.813729,10.729661,10.380365,9.922382,10.802154,11.499362,10.194851,10.257499,10.881679,10.890924,10.822667,10.859376,10.489573,11.169592,10.323991,11.167615,10.490903,10.729232,10.408136,10.858004,10.615955,9.409855,10.710686,10.690518,11.138967,10.805494,10.45135,10.140153,11.238352,11.082626,10.93083,10.632214,11.459048,11.218242,10.108935,10.827765,11.074709,9.8723755,10.190141,10.156213,10.270504,10.119375,10.388156,10.200034,11.554488,11.044128,10.612794,10.946513,10.016152,10.046028,10.047196,10.705659,10.988249,10.286945,11.339697,9.705016,11.931559,11.009394,10.26675,10.030708,10.179087,9.903458,11.0936,10.523778,10.205884,10.3143015,10.762451,10.164403,10.523531,10.276418,9.800256,10.241056,10.477342,9.674943,10.3560915,9.99568,10.842613,9.336849,9.582617
0.8697695,16.571089,10.941318,11.547421,11.214109,10.666113,11.20984,10.91687,11.438419,11.496582,11.205613,11.519564,11.141624,10.415222,11.784219,12.071645,10.875412,10.702238,10.775964,10.253979,12.272539,10.56829,12.7402,11.343123,10.907429,11.105096,11.407548,11.100309,11.275614,11.182378,11.503273,11.484593,10.713635,11.36413,10.750993,11.335786,11.307372,11.191918,11.901331,10.865503,11.040283,11.81859,11.580433,11.29472,10.480308,11.193818,11.507429,10.331872,11.847991,11.084987,11.289578,11.890764,11.798003,11.373436,10.966432,11.144761,11.307802,11.310237,11.780824,11.586559,10.442304,11.516481,11.775406,12.315769,11.326876,10.8101225,10.918003,12.467264,11.2947035,10.93172,10.387325,11.541987,11.881017,11.131362,11.28142,10.399452,11.261319,10.937355,11.619399,11.806553,10.366682,10.878352,10.85985,11.8405485,11.496857,10.835943,11.521979,11.938048,10.745153,11.077535,12.26001,12.0082,12.740513,11.410376,11.082285,11.934909,11.396406,11.253693,11.276764,10.320738,11.535019,11.029096
1.360979,10.667343,11.405083,9.97339,11.687853,10.782317,10.565474,11.95326,9.829535,11.424405,10.501578,12.310954,11.151947,10.863315,11.133771,11.129227,10.746446,12.473636,11.407445,10.362852,11.212311,11.083392,11.2688,11.268922,10.853461,11.256424,10.27887,11.236004,11.3152075,10.853097,10.982216,10.958973,10.4374895,11.375327,11.080298,11.448087,11.0735,12.531509,11.815377,11.044797,11.305415,10.885096,11.515529,11.849349,11.180132,11.398322,11.109479,10.674435,11.36444,11.070616,10.45295,10.8691635,10.665629,11.486693,10.592776,11.693966,11.007083,11.09066,11.222805,11.065644,11.251309,11.394008,10.3035145,11.61408,12.221832,11.213417,10.615894,11.328828,10.54463,10.899922,10.278036,10.715368,11.021055,10.978513,11.38924,10.527852,11.590603,11.881942,12.031355,11.616848,10.442006,11.303072,11.215815,10.500864,10.15893,11.002452,10.041012,12.078463,10.05868,11.872917,11.634134,10.654674,11.3563,10.662761,11.45294,10.934754,11.034416,9.699651,12.160424,10.978235,10.721437,10.272363
1.3343502,11.090216,11.732527,10.759126,10.734179,10.430846,11.409534,11.248976,10.889557,11.268628,11.859564,10.13387,9.394635,10.234519,10.481762,11.697589,9.788531,9.072323,10.543948,10.738745,10.587421,12.382721,11.985936,11.716725,11.862496,11.792177,9.745979,12.112019,10.302631,11.046385,11.197098,11.129144,12.084952,10.573247,11.999014,11.444842,9.779644,10.358561,11.478981,10.257377,11.169166,10.92945,9.341642,10.808355,11.597996,11.314901,10.42986,10.359821,10.839022,10.040665,10.650829,11.119211,10.803477,10.61349,11.300808,10.926997,11.030561,10.068562,10.448913,10.709995,10.934654,10.107569,11.318118,10.780549,10.419069,11.92349,10.815326,10.696833,11.350025,11.568881,11.278828,10.884599,11.134419,11.068046,10.599048,11.075071,11.02363,11.094417,11.539627,11.437049,11.5751295,11.500019,11.057865,11.624606,10.102287,11.435443,10.722486,10.821569,11.006267,11.727564,11.218592,10.551495,10.399818,10.340551,11.271995,10.445992,11.531041,10.432625,10.83874,10.664476,11.722393,11.098069
-0.3556849,4.6046295,10.203754,10.437157,9.821736,10.761569,11.194246,10.205448,9.298951,10.74554,9.844442,10.280445,10.79258,10.111398,10.943004,10.251534,9.658264,10.019848,10.08365,9.592642,9.619584,10.047341,9.885251,10.01584,10.043987,11.468443,10.669281,10.334611,10.351624,10.161105,10.490902,10.068264,10.511198,10.068459,10.206858,10.401609,9.597193,10.033263,10.516914,10.006235,10.827242,10.17103,10.764038,9.891651,11.160492,10.784094,10.255284,10.845153,10.57162,10.369674,11.166882,10.669109,9.472453,9.63019,11.246357,9.804869,9.507456,9.980091,10.567805,10.617679,11.335068,10.550238,10.606434,10.50713,10.29243,10.280505,10.444598,11.6239805,9.789081,9.955254,10.215351,10.24032,10.315812,10.637085,9.274439,10.747882,10.371289,10.364933,10.470663,10.028574,9.500284,9.860152,10.986373,10.725739,10.207223,10.063678,10.476503,10.28973,10.987346,10.226618,10.211199,10.542815,10.234388,9.679962,10.032009,10.357624,9.986375,10.913948,10.631627,10.954494,9.915093,11.320049
0.6194498,16.830328,11.108419,10.102976,11.024913,10.595009,9.770349,9.782435,10.5111885,9.996058,10.767229,11.201349,10.475053,10.689243,10.296468,10.341944,10.421221,11.261615,10.54158,10.733678,9.275566,11.424393,10.046828,10.548938,10.937817,11.045774,10.733955,10.034916,10.795937,10.971151,10.942712,10.451264,10.675665,11.053919,11.215452,10.23845,10.881518,9.572386,10.774956,10.974212,10.538555,10.4865465,10.5303135,11.028742,9.88494,10.951907,10.848269,10.850012,9.77515,9.861571,9.843108,10.799666,10.508152,10.415917,10.59396,9.373148,10.515252,10.062906,10.919919,11.265704,10.519316,10.822074,10.8507395,10.70165,10.831489,9.936805,11.329529,10.158756,11.478061,10.908856,10.840397,10.562871,10.7463255,10.931053,10.534293,11.749255,9.537904,10.370972,10.878411,10.487132,9.661658,9.922267,10.648307,11.183551,10.240814,10.746061,9.956207,11.259377,10.96238,10.106225,10.34487,10.364787,11.640378,10.522294,10.644002,10.805505,10.677282,9.954468,10.595967,10.59275,10.581851,10.874576
0.94143903,16.089314,10.913067,11.806475,11.323889,12.231052,12.307892,11.644439,11.610617,11.109674,12.2725315,12.062936,12.1164875,11.454133,11.195245,11.40575,13.9298,11.982962,12.192178,12.458136,11.19706,11.330649,13.057587,13.154891,11.464968,11.934399,12.6689,12.154846,11.447145,12.236505,12.06958,12.319131,11.253473,12.681759,11.81438,11.971362,12.457078,11.822538,12.589414,12.235821,13.212416,11.659745,12.053577,11.112457,11.158364,12.46013,12.433138,11.745587,11.495935,11.726363,11.374312,11.645448,12.772166,11.281567,12.756842,11.263522,12.079759,11.4077,12.144313,11.690784,11.683483,12.325307,11.643486,12.383516,12.0478325,11.643269,10.950782,11.547356,12.864189,12.538633,11.246942,11.928141,11.20661,11.692574,11.447449,12.266294,11.49738,11.614753,11.761639,12.502466,10.510879,11.748112,12.142558,12.2754755,12.875107,11.519384,12.159009,13.142614,10.727237,11.1151285,11.471863,11.655087,13.247635,12.066288,12.177704,11.659271,12.535072,11.316579,12.80816,11.459144,11.98667,11.260686
0.5496548,16.5,9.720722,10.483817,10.752904,10.132203,11.004128,10.915212,10.5472355,10.248979,11.392944,11.164113,9.904789,9.741274,10.374964,11.677281,10.018807,10.903364,10.497189,10.9239235,10.633216,11.062519,10.768653,10.374869,10.378218,11.376252,9.693155,10.413666,9.663643,10.491068,10.622769,10.588443,11.537826,10.666688,10.97829,10.433757,11.515344,10.992861,9.4428,10.430996,9.094841,11.114117,9.67903,10.744933,10.772849,10.723626,10.264299,12.0922575,11.041887,10.5819435,10.946938,10.949827,11.109701,10.569855,10.954019,11.263985,10.157544,10.3964815,10.212402,11.499556,10.134687,10.587537,10.72794,11.103231,11.351692,10.410981,11.084752,10.77896,11.247976,10.635227,9.914676,10.419927,11.986156,10.795484,9.212712,10.485575,11.716112,10.942678,11.007296,10.449995,11.558971,10.936209,9.801196,10.212412,9.983569,10.720201,9.998026,10.608261,10.292527,10.549623,10.592673,9.867809,11.055168,10.30015,9.854766,11.292859,9.9154625,11.221298,9.824972,10.35922,11.020298,11.437716
-1.1804625,7.4347177,9.039868,9.540969,9.535521,9.483819,10.016825,9.730847,9.866563,9.436808,9.187821,10.130404,8.914927,10.025231,8.1950655,9.718893,9.136285,10.3674,10.070366,8.9493475,10.385902,9.891403,10.614593,9.608766,9.680194,9.781221,9.334872,10.004387,9.184708,10.115705,9.568807,9.23446,9.695039,9.401957,9.388565,10.344602,9.423805,8.823545,8.714776,10.030928,9.702731,9.298248,10.040384,9.149882,10.16108,9.739069,10.137977,9.55745,9.736698,9.366372,8.965263,8.873926,8.971265,10.498159,8.827595,8.677314,9.544415,9.83483,9.692853,10.470031,8.819998,10.033937,9.873633,9.500868,9.459431,9.902755,9.233378,9.350515,9.977403,8.577005,9.219038,10.404045,9.796231,10.283298,9.949105,9.005753,10.218891,9.398855,9.94757,10.488887,10.008424,10.49039,10.352206,9.236258,8.336496,9.762444,10.315576,9.486769,9.775401,10.892002,9.27684,9.142742,9.900357,9.635691,9.608626,9.120098,9.0070305,10.06594,9.808405,9.012842,8.875365,9.741083
-0.40308124,4.1538014,11.596291,10.637995,10.843334,11.196687,10.145646,10.805151,10.951182,11.069645,11.002119,11.005678,11.246838,10.5418415,11.288538,10.989817,10.716011,10.900393,10.633232,10.942537,10.532568,11.985802,11.036235,11.518292,10.012593,10.738768,11.73441,11.548922,10.246817,11.835755,10.997992,10.90449,10.741145,11.7818985,11.17714,10.750316,10.560428,10.621315,11.552619,11.899135,10.083949,11.614552,10.768501,11.7126465,10.597544,10.461281,11.118155,10.901438,10.826963,11.005117,10.743549,10.488586,10.316344,11.2677765,11.027612,11.097128,10.361557,10.160796,11.366667,10.71705,10.657441,11.205557,11.017157,10.895796,10.632681,10.361967,11.052085,11.100296,10.996334,10.644326,11.800717,11.063115,11.035057,11.398901,11.416021,11.313867,9.850642,10.578906,11.199847,12.01183,10.91819,10.907766,10.955567,11.457364,10.47669,10.685777,10.236231,10.71109,10.8680315,11.789953,10.869657,11.598778,10.581532,9.781416,11.018542,10.466083,10.929264,11.255649,11.02711,11.0556555,11.6658,11.68662
-0.29525915,5.270452,10.258624,10.945098,10.378275,10.9106455,10.141114,9.573799,10.367282,9.672086,10.524728,10.278845,10.582314,9.920276,9.929547,10.826964,10.441746,10.774106,10.2688875,10.66474,10.328267,9.699208,9.914115,9.970417,9.791572,10.2142725,10.853172,9.526016,9.979111,9.920512,10.128238,10.597025,10.240534,9.925199,9.979468,9.494637,10.293885,9.955643,10.238524,10.537,10.494114,10.378104,11.100443,10.340133,10.648314,10.895577,9.945441,10.040313,10.402738,10.386678,10.136112,10.70364,9.954441,9.861226,9.998018,11.142441,10.069219,10.7376,9.673651,10.38729,11.05832,11.329869,10.237453,10.90374,10.552706,10.555692,9.158481,9.884042,10.076257,10.660403,9.917851,11.463381,11.243756,10.083876,10.110305,10.078173,9.975472,11.055768,9.613951,10.288639,10.269518,9.351914,9.884602,11.160005,10.128827,10.501025,11.29866,10.567181,10.691696,9.77205,10.397755,10.960812,9.917772,10.795694,10.008843,10.553078,10.039252,10.05877,10.304284,9.697195,10.426402,10.458271
0.5205827,16.313017,8.245984,8.066844,8.325726,9.03404,8.309385,7.807131,8.202731,7.311128,8.494813,7.5099044,7.646989,8.60841,7.7385874,7.9376206,7.8813877,7.173868,7.4031134,8.346059,8.08828,9.012317,8.42418,8.337598,7.9272666,8.15087,8.143157,8.116616,7.1723804,7.54865,8.200496,7.5431833,8.749425,7.0755916,7.9709163,7.447956,8.429422,7.417124,8.314486,8.461236,8.639605,8.234933,7.3049383,8.326351,8.546555,8.274574,8.2243185,8.164735,8.159969,7.0966644,7.9916434,7.9337316,7.139206,8.013285,7.0569925,8.057759,8.282957,7.5108194,7.2472157,7.5757008,8.54481,7.787099,8.522942,6.88282,7.187856,8.214711,8.610936,7.453827,7.335971,8.455965,8.637452,8.475409,7.183934,7.7623467,6.790864,8.27359,8.267153,8.53887,7.8022995,8.772105,8.126903,7.3922396,8.778449,8.0571,9.267563,8.065141,8.394255,9.291682,7.6640553,7.469351,8.357412,7.9451995,7.90901,7.3356915,8.135539,8.443328,8.789985,7.1342597,8.62762,8.6027155,8.634298,7.505621
1.3999176,10.044966,12.418808,11.415624,11.894588,11.249927,12.420603,10.783049,11.991562,10.852983,10.545987,10.833183,11.413598,11.951132,12.247933,12.916077,11.355767,13.059535,11.949817,11.547366,12.837189,13.027116,11.306002,12.466543,11.371523,11.672465,11.810508,12.4694605,11.549489,11.682734,11.587395,12.670531,11.385395,11.986694,12.163696,11.639635,11.514661,11.421898,12.129913,11.478927,11.728149,12.156003,13.051048,12.447,12.183599,12.493481,12.254414,11.04144,12.298859,11.98558,11.776685,12.692812,12.340122,11.72029,12.874317,12.562425,12.717862,11.157948,11.392255,12.411333,12.066565,10.588171,11.763414,12.103409,12.349126,12.342003,12.488008,14.134598,10.94997,11.317242,12.85877,10.087461,11.941492,11.332974,12.078014,11.590701,11.618106,12.099475,11.699479,12.402502,10.591726,11.688951,11.36602,11.325497,12.298745,12.814007,11.542455,11.344406,13.0996685,11.667634,12.385402,12.465385,11.644369,11.778445,11.646492,13.327817,11.679516,12.552027,11.426499,11.840169,11.873994,11.764998
-1.4576555,11.791129,9.467327,9.797236,9.722655,9.027096,10.055664,9.925973,10.558693,9.835912,9.994483,9.353519,8.515841,9.976584,10.511078,9.703697,9.403248,9.507414,9.406622,9.184275,9.943503,10.977712,10.8377075,10.416691,8.7465725,10.655851,9.804096,9.567939,9.715849,9.473464,9.846442,10.196505,10.691858,9.481631,10.172898,10.137487,9.302703,10.265877,9.969981,9.69808,10.1000185,9.73802,9.5164385,8.888493,9.8705435,9.989675,8.622793,9.040793,9.519639,9.286749,9.5807905,9.445542,10.140213,10.521997,8.503477,9.542422,9.602182,10.468013,10.538075,10.112034,10.30383,9.658627,10.1605015,9.787184,9.497093,9.16415,10.507843,9.234941,9.823289,10.115557,9.018879,9.554109,8.742439,10.5012,9.395444,10.486681,10.138511,9.735483,10.156298,10.23416,10.629155,9.900053,10.174648,9.061639,8.897779,11.147872,9.236402,8.975265,10.423267,9.937518,9.681899,9.400054,8.649355,8.714208,10.104095,9.168931,10.579745,11.3940325,9.442819,10.879135,9.420074,9.724968
-0.33263317,4.847144,10.246712,10.015336,9.217191,10.112262,10.511232,10.652955,9.519037,9.372832,9.653272,9.8465395,10.560369,9.799574,10.443905,9.86057,10.118847,10.045452,9.788448,9.886315,9.878357,10.018492,10.123577,9.014701,8.894001,10.402717,10.544056,10.177783,10.32347,9.70863,10.377946,9.637041,9.657173,9.720979,9.176946,9.585661,9.718774,9.894659,9.7969675,9.972148,9.022008,9.790314,9.245099,9.326361,8.903342,10.229101,9.931607,10.032103,10.531606,10.058754,10.035088,9.164149,10.046142,9.990416,9.168563,10.330858,9.993634,9.998959,9.620831,10.283553,9.437748,9.652638,10.441377,9.203038,10.016982,9.964429,9.822732,9.933072,10.18928,9.296206,10.155098,9.348791,10.353877,9.815514,9.727885,9.866506,9.41197,10.251013,8.947517,9.754042,9.674592,9.588522,9.271789,9.696438,10.039296,9.029486,10.559771,9.8282,10.052306,9.917391,9.48723,9.564201,9.653942,9.878563,10.128062,9.374691,9.941993,10.119402,10.491326,9.494261,9.991941,9.885163
0.32139835,14.338683,9.987453,10.262281,11.292095,10.05479,9.981385,9.298057,10.213658,10.207548,9.297618,9.861184,9.589456,9.561929,9.929553,10.144497,9.51385,9.606909,8.565118,10.647377,9.937426,9.974005,8.935063,9.203673,9.72035,9.624822,9.341334,9.40126,10.026295,9.981317,9.780807,10.905654,10.154518,10.749584,9.945617,10.615733,9.557951,10.698155,10.983013,9.614643,9.56847,9.883609,11.137484,9.744102,9.621975,9.431981,10.300121,9.7855835,10.894988,9.862357,9.875874,10.326121,9.661794,9.639472,9.855169,11.320334,9.661466,9.9384165,10.304189,10.30535,10.116103,10.228792,9.923617,9.473968,10.877797,8.730465,10.151168,10.817578,9.69614,10.112571,10.073122,10.648319,9.307247,8.989842,9.098309,10.184015,10.240544,9.968191,9.426845,11.028549,9.843014,8.671178,9.797979,9.431902,8.937631,10.310556,10.383104,10.139038,10.098546,9.740565,9.394691,9.645276,8.47095,10.155025,11.0303545,9.452595,9.788297,11.063176,9.795821,9.390062,9.579504,9.531231
1.1555331,13.749992,9.678807,9.958671,9.520592,9.158302,9.435,10.184057,9.609675,10.122733,9.493435,8.272298,9.241724,8.6609535,9.442661,9.087277,8.685321,8.91716,9.334031,9.654589,10.3406925,9.452695,8.470979,10.080861,9.0361805,9.090582,10.105643,9.380188,9.063149,9.54509,9.269595,8.958061,9.542284,9.38296,9.803061,8.251935,8.90993,9.672521,9.141814,9.469165,9.868885,9.390682,9.429661,9.461314,9.571878,9.39309,9.888843,9.783756,9.999583,10.251141,9.792391,10.38248,9.432851,9.529623,9.168612,9.545854,10.0059185,9.77382,9.202718,8.77613,10.463662,9.370805,9.102288,8.369163,8.847518,9.016406,8.747049,8.837531,10.201342,8.891815,9.664086,9.290097,9.831169,10.348515,8.82075,8.7616,9.321622,9.379955,9.270079,9.79256,10.012548,9.625559,9.518066,9.866383,8.073074,9.995308,9.836494,8.607178,9.869854,9.225015,8.814574,9.14941,9.36464,9.247018,8.988792,9.101301,9.094435,8.924187,9.136509,10.409804,9.472491,8.946959
-0.5921741,3.0784779,11.040246,10.525586,9.662092,9.948609,10.818299,10.468788,9.609579,10.206134,10.961151,10.630172,10.149764,10.682121,10.142006,10.604503,10.030502,9.88084,10.475423,11.405441,10.587768,10.060289,10.463705,10.936876,11.097488,10.105915,11.418305,10.506137,10.093186,10.82909,10.155093,10.63966,10.113292,9.816149,10.960441,10.411463,10.047387,10.25157,10.617432,10.541094,9.686148,10.560701,11.122377,10.791901,9.953704,10.392133,10.471364,11.003155,9.421063,10.507786,9.928274,10.434455,11.056983,11.306276,10.617182,11.282744,10.691575,10.252541,10.250922,10.320941,11.296767,10.784699,10.226153,9.8891735,9.849819,10.719792,11.475167,9.894861,9.473863,11.293147,10.474796,10.783694,10.799564,10.040074,10.075804,9.858837,10.822866,10.579135,10.636884,10.350521,11.0670185,10.533907,10.172983,9.764765,9.811758,10.644418,10.565041,10.525842,11.107971,10.285019,10.634156,11.563214,10.017951,10.277973,10.056531,10.303761,10.652922,11.567703,9.661857,10.775455,10.038003,10.126482
-1.6577038,14.596088,9.278769,10.002717,9.097345,9.102259,9.3869095,9.763188,8.901514,8.291313,9.72276,9.185636,8.868354,8.645085,9.230843,10.497292,9.048037,8.244271,9.807478,9.949375,9.929268,8.976056,10.739418,9.19507,9.440777,9.888363,10.170624,10.130587,9.249991,9.191829,9.107541,9.251104,10.003855,8.504879,9.3453865,9.369376,10.645616,9.222978,9.626781,9.201189,8.696724,10.263057,9.574409,9.195275,9.743255,9.90035,9.016081,9.60708,8.861345,10.185487,9.969319,9.866697,9.865704,10.188564,9.742433,9.780198,9.763539,9.7686615,9.151065,9.201358,9.35404,9.311866,9.686376,8.938168,9.259955,10.159947,9.235304,9.815374,9.241385,9.446696,8.739391,9.121673,9.0575075,9.971822,8.434509,10.317461,9.673138,8.6693945,9.051542,10.624505,8.859501,8.597672,9.368248,8.700911,8.759993,9.704024,9.563233,8.563555,9.4570265,9.218699,9.216756,9.133812,9.141363,9.327511,9.30156,10.232407,9.316227,11.348374,9.042472,8.694257,10.314678,9.993385
0.7585227,16.966791,10.380731,9.481893,10.222745,10.42421,9.013727,9.624004,9.975931,10.710203,10.575328,9.139261,9.542554,9.974521,10.349814,9.360129,9.977436,9.843303,10.370611,9.251091,9.643432,11.029122,10.481669,9.944143,10.840262,10.214689,9.326555,9.761146,9.278588,9.558966,10.501811,10.605996,9.507668,10.066115,10.973471,9.50079,10.1092,10.055639,10.036166,10.678654,10.547685,9.089481,9.515693,9.165709,10.167228,9.712705,9.524369,10.683631,9.891627,9.917836,9.125288,9.965026,9.823308,9.986198,10.721927,9.070121,9.429819,10.31652,10.178513,9.901066,10.470939,10.694365,10.486254,10.112381,9.863431,10.208556,10.463008,9.327715,9.455691,9.893254,10.66993,10.522478,9.1832485,10.222783,10.980445,8.812223,10.035101,10.16695,10.675871,10.115112,9.897858,11.467614,10.820353,10.1224,10.807415,10.961609,10.219069,11.009156,10.783894,10.669448,10.654897,10.571212,9.722614,9.4261875,9.885196,9.752554,10.383686,9.558375,10.799781,11.12353,11.047382,10.414857
-0.2967867,5.252452,9.737307,10.789056,10.275246,9.703903,10.731636,10.119598,10.938606,10.459779,10.170616,10.47919,10.151247,10.231954,9.83264,9.644438,10.192223,11.029747,9.640144,9.569959,11.053054,9.043953,10.436844,9.53036,10.079053,10.666361,10.362042,10.290704,9.783813,10.202362,9.753127,10.308907,10.794401,10.525257,10.434776,10.684525,10.388958,10.377319,10.372567,10.640119,10.320312,9.9586115,11.041445,10.311073,10.693536,10.207624,11.015569,10.25599,10.599453,10.324584,9.87032,11.298033,10.734676,10.621598,10.151496,10.59638,10.140023,9.948219,10.692123,10.011349,10.424978,10.117203,10.066177,10.601402,11.2112665,9.586115,9.875816,9.8306465,9.805981,10.190772,9.539023,10.359277,10.257495,9.395631,10.375844,9.904573,10.419749,10.648816,9.5035715,10.26811,10.223988,9.723054,9.440825,9.594424,9.470844,9.199039,9.846845,11.047459,10.505219,9.845683,10.281264,10.335184,9.90188,9.909937,10.333971,10.413245,10.389644,10.405785,11.101468,10.829151,9.677274,10.06231
1.1296835,14.092685,9.795983,11.130568,10.882304,11.231012,10.37421,11.289018,10.688906,11.2306,10.888878,10.798857,11.428664,11.561757,11.402601,12.130365,10.463861,11.339853,11.090723,10.890009,10.258666,11.494402,11.338279,11.055573,11.431669,11.381971,11.270651,11.820913,10.9002285,10.71291,11.441762,10.823274,11.825298,11.142936,9.452603,11.339272,11.2103,11.345053,11.730765,11.504071,10.874147,10.31162,10.700248,11.539194,11.092405,10.382933,10.803358,11.910247,10.861916,11.232337,11.611185,11.63007,10.924874,10.510911,10.661779,10.086081,11.663819,10.948354,11.045926,11.684778,10.726289,10.651453,10.781216,11.077834,10.702273,11.841487,10.153747,11.09425,11.501627,10.997696,10.98106,10.9606495,10.611222,11.191464,10.926169,10.078362,11.9456,10.778028,11.272396,10.629131,11.966946,10.681604,10.25601,10.7640295,10.664306,10.822379,10.398488,10.774377,11.337611,10.7602,11.159116,11.070969,10.266336,11.140581,10.703212,10.831467,10.709967,11.585331,11.887251,11.352942,10.508161,11.611755
1.427652,9.601167,10.180162,9.503828,10.520423,10.780271,10.333782,10.382342,10.591719,9.8955145,10.296801,11.907143,12.045925,11.660041,11.792745,10.938595,11.537326,10.810281,10.106974,10.5418,10.529998,8.528042,7.478603,9.965998,10.101548,10.142367,12.369122,9.916107,8.798958,10.857347,11.168263,10.318374,9.003563,10.814183,9.268672,9.758733,10.639801,9.835409,11.092068,10.7217045,9.553841,9.925001,10.804218,11.754081,9.493295,10.559932,10.047612,10.830685,10.28519,10.944689,11.242617,9.927457,10.120004,9.818918,8.802065,10.02253,10.167131,10.909019,10.089096,10.281557,8.899601,11.292692,9.030584,9.376946,9.769293,9.144087,8.172466,11.115607,11.08105,11.72028,9.365353,9.637648,10.181471,9.424,10.637794,9.047366,9.719106,10.57254,10.963594,9.704412,9.147211,10.525544,8.125086,10.029795,9.905286,9.113452,11.611708,10.832097,9.870159,8.624599,10.335061,10.404647,11.243599,11.541361,9.957344,11.104593,9.22002,9.888521,10.650122,9.049463,10.122743,11.486663
-0.91499066,4.1773014,10.697239,9.668512,9.996799,10.010557,9.862864,10.971507,9.99872,9.671653,10.81196,9.906443,9.5057535,9.061859,10.125088,9.9449625,11.06933,9.121216,10.452057,10.6884775,10.527214,10.348357,10.26647,10.096728,10.874075,10.9707,10.469597,9.765555,10.085861,9.461529,10.002105,9.927336,10.120979,10.654185,10.38857,9.767309,10.741115,9.311999,9.93198,9.727477,9.849419,9.941082,10.132792,9.299626,10.084343,9.506559,9.669358,10.352752,10.02669,10.562771,10.593975,9.708693,10.174096,9.925999,10.154994,9.503265,10.293785,10.600459,10.094654,9.480458,11.555032,10.042167,10.884487,10.07063,11.044728,9.772508,9.594986,9.85153,10.223699,10.527828,9.827334,9.79927,10.903028,9.890117,10.160038,9.4303665,11.526657,10.387626,9.445569,9.543825,10.958103,10.146517,9.71454,9.990885,9.931784,10.390177,10.419397,9.025434,10.521699,9.627697,9.45146,8.226151,10.000747,10.361911,9.502493,10.17311,9.436294,10.343122,8.851914,10.671592,10.603484,9.709049
-1.3574656,10.207241,11.11557,10.60044,11.661334,11.062547,11.477592,10.555981,10.577063,11.024805,11.515288,11.182239,11.969669,10.576426,10.163144,11.221775,11.786781,11.001217,10.677365,10.745195,10.822986,10.9484625,10.514984,10.598056,11.044702,10.730459,11.540736,10.412316,11.31348,12.246576,11.302256,11.48684,11.163969,10.366991,10.637755,9.766027,11.454817,11.457244,11.330346,11.361355,10.174472,10.8619,11.096416,11.849948,10.913163,11.192566,11.8484,11.451837,11.022427,11.228591,11.32363,11.406191,10.691029,11.425711,11.073759,10.749059,10.486511,10.449276,11.246189,11.181508,10.224232,11.003027,11.167382,11.796606,10.956834,11.182327,10.127074,10.846374,10.830831,11.240665,10.889492,11.835317,11.767767,11.217607,11.4642105,10.743539,10.588796,10.717264,10.806231,11.440116,10.7060175,10.8040085,11.274503,10.925238,10.57781,11.63062,10.494156,10.839284,10.627755,10.620483,11.268296,9.980943,10.752262,10.875035,11.376739,12.151715,10.100148,11.245571,11.255233,10.756885,11.154457,11.405212
-1.2000808,7.7294316,10.078878,9.274666,9.383785,9.730098,9.217813,10.574507,9.206465,9.438674,9.388952,9.751688,9.276493,9.253775,9.774012,9.156743,8.915622,9.021593,10.119085,9.433428,9.391945,9.389957,10.196661,9.923009,9.364103,9.859881,9.224068,10.246353,9.456529,9.6112385,10.207301,9.613452,9.376646,9.456902,9.512755,9.250821,10.200756,10.316192,8.61706,8.809552,9.054775,9.889951,8.490316,9.705034,9.065482,8.835973,9.170708,9.598661,9.244105,9.573882,9.767106,9.271511,10.252269,9.409546,10.819719,9.287191,8.675601,9.178628,9.415343,9.370388,10.220325,10.482709,8.930973,9.001686,8.58843,10.19643,9.789495,9.252101,10.264855,9.331901,8.661039,8.755627,9.452878,10.214795,8.723299,10.1239395,9.345504,9.676315,10.673703,9.14638,10.585648,9.54085,9.363693,10.437864,9.930408,10.13714,10.083347,8.841736,9.717723,8.890764,9.089953,8.856307,10.782707,10.446844,9.104423,9.061159,9.500279,8.809498,10.291258,9.7931185,9.889019,9.274469
1.3075894,11.511113,9.492908,10.462077,10.620285,9.597783,10.048487,9.6404915,9.449418,10.225634,8.870946,9.495406,9.568944,9.041272,8.556664,9.589827,10.787666,9.934845,9.895465,10.276879,10.399259,10.1802435,10.69857,10.567483,10.277761,8.818796,10.434642,9.848026,10.250376,9.818948,10.233084,10.581508,10.128062,9.716392,10.0538225,10.619153,10.701436,10.401053,9.527243,9.6004505,10.218289,9.66587,11.112555,9.6117325,9.117587,10.754635,10.323982,9.132079,11.071607,10.423511,8.552807,10.640994,10.451215,9.939943,9.292715,11.317573,9.2686205,10.240884,10.142483,9.566078,9.1557,10.0679455,9.965549,10.466068,9.797647,9.685247,10.405133,10.653428,10.177823,9.138456,9.816196,10.599974,9.224986,9.693846,10.950094,9.26606,11.250256,10.813192,9.561034,10.469086,9.371481,9.966215,11.399923,9.713356,9.178352,9.292686,9.817482,10.123334,9.163367,10.147561,10.332256,10.866569,10.474646,10.476911,9.948501,8.889524,9.858178,9.375449,10.104065,9.472319,10.38833,9.28011
0.7194976,16.999765,10.978998,10.02386,10.187844,10.84858,10.870291,11.859443,11.136787,11.120912,11.648069,11.483688,10.348475,10.307149,9.161535,11.346399,11.074766,10.862093,11.614938,11.468658,10.645148,11.2811365,10.867124,11.880787,11.279516,11.899728,11.188569,11.354956,11.70063,10.713029,11.5404215,10.715798,10.616788,10.353297,11.947902,10.685131,10.620675,10.981277,11.231696,11.9790945,11.449924,10.655795,9.531128,11.578329,11.398463,11.630835,11.177246,11.016321,10.214275,11.111772,11.45893,11.297041,10.374318,10.502183,11.433924,10.717242,10.856759,11.104285,10.797601,11.011444,10.937786,11.416448,10.859961,12.089101,10.591509,11.572572,11.492159,10.21064,11.376093,10.924233,10.989411,10.580441,10.905943,11.584572,10.764479,11.128314,10.67949,10.743965,11.251241,12.408758,11.329776,10.743976,10.89664,11.245029,10.780782,11.143141,11.921118,10.42144,9.992661,11.677898,11.158676,9.879403,11.111179,10.921527,11.096001,11.369003,11.224081,10.608534,11.235713,11.45302,10.997299,10.804173
0.6892315,16.986969,9.402615,9.985469,9.79081,8.764426,9.619043,9.448696,9.662959,9.773287,9.813598,10.4293,10.045065,10.366551,10.277453,9.959762,10.496023,10.353509,9.361432,9.810459,9.747616,9.341869,8.956903,8.892325,10.061723,9.195748,9.376785,9.735819,9.88187,10.091145,10.009677,9.381965,10.252276,10.093016,9.893245,9.363954,10.169689,11.196421,10.508253,9.822945,9.085531,9.846179,9.690649,9.935291,10.445322,9.659989,9.548885,9.997132,10.17633,10.388134,9.524247,10.2472315,9.646219,9.373902,10.746067,9.601001,9.591465,9.7541485,9.173839,9.353586,9.551406,10.435859,9.597672,9.028305,9.898828,9.353741,11.073311,10.41777,9.408867,10.018709,9.699986,9.875922,9.029852,8.939824,10.19304,9.436456,9.199264,10.556759,9.740558,9.349732,10.180963,9.6373205,8.708981,9.772137,10.845735,9.958631,9.588658,9.765327,9.118093,8.522967,9.843938,10.750419,9.441436,10.766279,10.394743,9.425596,9.875392,9.01145,10.513701,7.8757257,8.86463,9.984863
0.18324228,12.416902,10.054689,11.230217,10.005898,9.71678,10.852917,9.8150425,10.554307,11.395053,9.956195,10.281636,11.167979,10.114134,10.453283,11.818662,10.809288,10.675862,10.608941,10.068506,10.71086,11.156933,9.643544,9.373587,11.150744,10.562058,9.779651,10.453241,10.334667,9.94599,9.370953,10.87799,10.182956,10.712853,10.568931,10.213203,9.7522545,11.019593,10.501108,10.150627,10.257207,9.804875,9.531332,11.37168,11.126362,10.822272,10.688769,10.601242,11.091838,10.400168,9.874546,10.10207,9.35451,10.539544,11.229964,10.542663,10.443284,10.008583,9.814423,10.446814,9.610969,10.182645,10.414183,10.553669,10.25343,10.528006,11.235119,10.881607,10.539297,10.010392,10.139081,10.498093,10.109024,10.345869,10.183243,11.500501,10.454403,9.063423,10.158355,10.026025,10.468985,9.686451,10.421024,9.829134,10.303188,10.682303,10.032502,10.429986,11.091532,11.670355,10.180049,10.883069,9.448724,10.653561,10.932658,10.223027,10.308923,9.965253,10.2492485,10.250206,10.528924,10.012283
1.6989443,5.612201,7.848085,7.7646713,6.9665465,8.506575,8.418686,6.265167,7.7642665,7.848549,7.5801606,7.478567,8.105008,7.165968,6.5869226,6.155881,8.577332,7.5140066,7.6715803,8.089013,8.331663,8.949842,8.555746,8.419456,7.8650904,7.106311,7.1858716,7.468771,7.0747786,7.224977,6.957415,8.277538,8.650648,7.953478,8.237747,8.278106,8.145963,8.156531,8.114832,6.811179,8.472084,7.0875125,7.9388695,7.327443,8.197668,9.11279,7.787031,6.8162146,7.893026,7.6498804,6.861294,8.185616,5.9854016,8.669456,9.192625,8.440345,9.450842,7.2872906,7.5361958,7.9958105,7.075354,8.000471,8.316938,7.742553,7.4140015,9.010568,8.063342,9.222615,6.5012183,7.9781265,7.701768,9.322429,7.0295773,7.484075,8.068252,7.82018,7.5149975,7.001592,6.224656,7.4769735,6.4950466,7.5492334,8.967577,8.802929,7.532608,8.730068,5.6766715,8.694999,7.983528,7.321606,7.4687524,10.401806,6.597411,7.142078,8.473486,8.041421,8.842047,7.6124487,8.895819,6.6962595,7.603985,7.7790403
-0.42966196,3.9306989,9.676531,10.0220785,10.319082,9.910991,9.18775,9.875159,9.903224,9.412891,9.408954,9.372913,10.781563,10.267357,9.194212,8.947604,10.585605,9.8826685,9.719529,10.629738,10.234663,10.862399,9.541179,10.303369,8.654089,9.044291,9.469599,10.11009,10.77149,9.422807,9.110601,10.081894,10.366493,9.997314,10.358507,9.700983,10.625221,9.571728,9.648051,9.35067,10.3296,8.72715,10.050125,9.657521,9.997922,10.185903,10.057497,9.566709,10.513,9.731228,9.446257,10.029637,9.712495,9.706803,9.885709,10.111981,9.69029,9.65102,10.185054,9.710347,9.894331,10.259438,9.578051,9.953924,10.05951,9.310269,9.653506,9.568251,9.579403,10.004077,9.723473,9.619413,9.581776,8.687303,9.816205,9.512766,10.198385,8.977211,10.545399,10.752853,10.009426,9.256546,10.615469,9.758114,9.847958,9.169889,10.16419,9.290708,9.929154,10.093452,10.284906,9.562657,9.514954,8.866322,9.532859,9.774047,9.644044,10.040441,9.599288,10.351929,9.82627,9.741603
-1.5465664,13.120801,9.644795,11.731424,10.878406,11.247309,11.113638,9.727495,10.878352,10.611082,8.622759,9.453477,11.760338,10.130678,11.087932,11.036182,10.57766,10.563132,10.197269,10.550552,10.838905,9.562381,9.76969,9.552546,10.711191,9.695292,9.058281,10.625359,9.736975,10.275145,10.477327,10.941539,10.736946,10.516256,9.538929,10.198741,10.671937,10.170777,10.951511,10.239148,10.485645,10.6445465,10.620199,11.43834,10.600584,11.022862,9.380993,11.618895,11.363399,10.381133,9.959854,10.311007,10.780748,10.649115,11.014072,10.984868,11.444988,10.2636795,10.71411,10.931124,9.4081,10.0092535,11.334454,9.508298,11.048373,10.268571,9.536195,11.70638,8.727779,11.35658,10.037924,10.309165,11.350797,10.402707,10.404167,11.212622,9.008106,10.098631,9.818746,9.859148,10.477961,9.774259,9.60097,11.381893,10.786141,10.277195,10.690091,10.274265,11.157446,8.893328,10.745792,11.507781,9.930528,11.114348,10.75225,10.312711,10.637791,11.000822,11.15378,8.943625,10.3599,11.448031
-0.9523285,4.5299077,10.677757,10.480335,10.620903,10.472046,10.280573,10.499758,10.750786,9.807777,10.502026,10.324471,10.301189,9.993263,10.109657,11.088558,10.407476,11.1886425,10.423425,10.258793,10.091925,10.502909,9.438294,10.365489,10.058063,10.792304,10.742483,10.871408,9.479877,9.7612915,10.64203,10.040469,10.750522,10.41895,9.619057,10.790043,11.073683,10.414625,10.4980545,9.155544,9.860384,10.009916,10.549292,10.034537,9.075263,9.984391,10.220072,10.566756,10.839085,10.237357,10.538056,10.052872,10.454212,9.235033,10.23494,10.110595,10.967119,9.764448,9.830953,9.3468485,10.07882,10.885509,11.683632,11.443224,10.118625,9.879418,10.511803,10.958181,10.179375,11.094576,9.913997,10.707253,10.343839,9.92641,9.812972,10.892656,10.081401,10.914594,9.40116,10.378931,9.939278,10.463775,9.980531,10.225426,10.60527,9.75721,10.114092,10.472873,10.804574,9.887137,9.473964,10.935341,10.3835,10.2531805,10.137366,11.033431,10.692109,10.796623,9.653034,10.438111,10.65872,9.894274
-1.1191055,6.5489674,10.621981,11.106855,10.293826,10.980882,10.377974,10.72595,10.088402,11.571069,10.551493,11.02303,10.100285,10.8797,11.00119,9.406427,11.234801,11.374976,10.610308,10.6361265,10.203715,12.044509,12.196714,10.657736,10.368056,10.933983,10.284507,11.02145,10.162332,10.434116,11.187868,11.396238,10.269649,10.577408,10.328523,10.362852,10.467809,11.047485,10.680662,9.822937,11.433331,10.736,10.837255,10.489344,10.780736,10.887779,10.552822,10.175977,10.769178,10.178684,10.304525,10.971798,10.691027,10.377667,11.097109,9.622281,10.449703,9.938521,10.848384,11.79896,10.443008,10.571195,10.896238,10.768584,10.9538965,10.715507,10.790059,11.574152,11.075153,11.09231,9.913908,10.444306,10.247125,10.548873,10.9768095,10.498654,10.343351,10.972492,10.591685,10.472982,10.695889,10.859725,10.977588,11.110598,9.971682,10.264523,10.265279,11.319098,10.324045,11.333401,10.891318,10.135184,10.418066,10.420606,11.488138,11.140683,10.960064,10.501706,10.567751,11.399146,10.474823,10.793265
1.6472864,6.2856708,8.216401,8.6253395,7.595054,9.560784,7.8630233,8.507413,8.512609,8.671022,8.645582,8.941852,8.562624,10.388165,8.239799,7.138279,8.816697,8.399125,8.743991,8.62915,8.716906,9.270813,10.976097,9.136188,10.058748,8.573934,8.3326435,9.166459,7.760393,8.329816,8.0115385,8.499502,9.198325,9.423679,8.139974,9.211537,9.070968,8.446257,9.750366,8.009013,9.802511,8.815799,9.265139,8.562413,8.660876,9.214266,8.676027,8.155168,8.976582,8.346605,7.8483734,10.106165,8.757517,8.722009,8.593255,7.7847824,8.793641,7.3432217,8.06064,8.987851,8.275712,8.626838,8.487584,8.937445,8.008743,8.577151,9.215982,8.871433,8.257236,8.236961,9.086382,8.991755,8.521062,9.92189,8.454754,8.724414,9.101001,9.605994,9.191267,8.896122,7.3338385,9.222768,9.762612,8.486782,8.064843,9.306461,7.2521586,8.269038,8.379791,8.980563,8.076925,9.108013,8.196112,8.438109,9.299251,7.3175554,9.878169,8.289524,9.877464,8.168118,7.6130075,8.175865
1.5309299,7.9767942,6.4259233,8.179897,7.399684,8.18038,6.972294,7.613665,6.088128,8.267955,8.181316,6.816905,7.973958,6.515291,7.3994036,6.167364,7.462842,7.36911,8.22336,8.155657,7.206562,6.843628,6.9813995,5.8956594,6.939897,5.580973,7.0145054,6.240691,6.422536,6.2166414,6.839979,8.249358,7.9168243,7.942544,7.840478,6.7968283,7.586831,7.4585977,8.496603,6.974216,8.087261,8.057918,6.7636433,6.994923,7.9379864,7.044135,6.889429,7.450541,6.8585815,6.594273,8.146499,8.378824,7.1137037,6.834899,6.30627,7.2914863,6.839989,6.776736,7.9053884,7.0357847,8.796127,7.7580786,6.718153,6.1039553,7.839081,7.4430733,6.7351837,7.3312597,6.389904,7.1521835,8.019198,6.563464,6.6234055,7.110506,6.849855,6.595275,7.273302,6.4852266,7.4732175,7.4260826,6.9554114,7.893326,6.85339,7.456859,8.346415,7.2807856,7.265272,7.307414,8.284329,6.9634686,7.2240562,7.346386,7.485852,7.5406723,8.362911,6.5581427,7.1145983,6.9315863,8.305831,7.492851,7.054888,7.8941092
0.13897043,11.740472,9.867988,11.237652,9.383676,10.381302,10.688498,9.992092,10.775849,10.522855,10.04744,10.27971,11.280271,9.587365,9.694291,10.833582,10.20891,9.980098,10.235871,9.684958,10.027109,10.132045,10.053958,9.541652,10.043315,10.456139,10.414168,10.91623,9.4105015,10.377397,10.305519,10.2836685,9.849336,10.450307,10.322935,10.664029,10.304483,10.0860195,10.906984,9.500123,9.827547,9.503813,10.979492,10.10808,9.751554,10.546122,10.378766,9.934014,10.711324,10.247544,9.423027,10.640128,9.641307,10.149524,10.905984,10.3080845,10.593155,9.855068,11.287382,9.771419,9.716163,10.5961485,9.985657,10.3135805,10.426931,10.34417,9.955766,10.275127,10.760912,10.565217,9.95401,10.2123165,8.929457,9.992769,10.448868,11.068224,10.0134115,9.917614,10.343204,10.075439,9.464106,10.099234,10.571931,9.873265,10.230024,10.239397,10.089728,10.471147,10.609013,9.844291,10.221769,10.467534,9.1790495,10.7305155,9.6149435,10.239577,9.923618,9.939731,10.818867,10.43721,9.602622,10.429369
-0.8921744,3.9825702,11.02156,11.134771,11.4761095,10.755828,10.664776,10.6792,10.329554,11.040753,11.050385,11.643147,11.524858,10.236238,10.877838,11.483111,10.320055,11.448226,11.500797,11.371448,10.639867,10.587637,10.446104,11.52461,10.4733925,10.608617,12.048855,10.2637,10.978353,10.578293,11.046997,10.996176,11.046019,11.804185,11.23803,11.769415,11.405176,10.700871,11.758766,9.8357115,11.036677,10.279517,10.662952,10.347116,10.6356735,11.606698,10.489569,10.711422,10.749173,10.389359,9.791811,10.945239,11.333536,10.585758,10.876238,11.470841,11.112431,10.651822,11.014802,10.463692,9.799848,10.103356,11.145419,10.784266,10.192124,10.619015,9.618905,11.5032,10.470685,11.280471,10.360163,10.282102,9.839118,10.507485,11.35574,10.876219,11.358301,11.595237,11.046802,10.73928,10.657341,10.632927,10.5003,11.284956,11.618913,10.474687,10.44665,12.068997,10.244251,11.556349,11.743185,10.680962,10.622149,11.359756,11.452426,10.235695,11.121279,10.768646,11.732912,10.401733,11.48595,10.12274
-0.7326748,3.1026387,10.488628,9.961709,11.625632,10.372482,10.313505,11.257483,11.0502615,10.736488,10.48385,10.271178,9.535506,10.4209385,10.374953,9.798675,10.178457,10.855332,10.331823,10.321689,10.886546,11.11363,11.546346,10.265166,10.249971,10.58324,10.125818,11.099055,10.799651,10.36879,10.12104,10.888625,11.240151,9.7529335,10.778362,11.242455,10.941013,10.193068,10.6767645,10.703338,9.469938,10.944891,9.979583,11.234955,10.5831995,10.27673,10.453996,10.676482,10.697611,9.676688,10.676301,10.357406,10.497051,11.219151,9.499795,9.276368,10.606623,10.146482,10.867385,11.638567,10.82062,10.863686,10.9512615,11.998635,11.069341,10.585577,10.384829,10.177509,10.746931,10.154033,10.6860075,9.869813,11.230534,11.127888,10.421909,9.937327,10.598605,12.178627,11.31277,11.350796,11.128198,11.205665,11.329685,10.630245,10.923938,11.6114025,10.534402,9.466443,10.417167,11.522934,11.121864,10.328597,11.029804,10.550603,10.037918,11.395065,10.190508,10.713598,11.236146,11.576889,10.146863,10.814309
0.48110643,16.014633,10.906759,11.608969,11.045957,10.977498,11.31752,11.272991,11.617701,11.015,10.1533165,10.980686,11.666052,11.343369,11.737997,11.111386,9.869926,10.516152,10.5088415,11.740532,11.184015,10.574009,10.060846,11.051058,10.698322,10.631192,10.989333,11.202887,11.156967,11.163172,11.360865,10.377541,11.680819,10.337006,9.480158,10.774694,11.896529,10.879597,10.001603,10.53623,10.714789,11.287447,12.034294,11.193723,10.966906,11.3706,10.984026,10.879964,11.741911,11.156059,12.056182,10.17031,10.984923,11.080555,11.146554,11.269526,10.528178,11.855958,11.381175,10.286962,11.199692,11.307634,10.037835,10.718576,10.136085,10.6571665,10.282835,10.650344,11.330253,10.724016,11.656692,10.987832,11.6837225,11.43263,10.772788,10.392828,11.191239,10.722109,11.384508,10.099226,11.616697,10.727116,11.102109,10.683078,11.979447,11.019128,10.712071,10.73553,10.967617,10.636085,10.120106,9.621163,11.785526,11.257363,11.371096,11.525263,9.931068,11.990839,10.221206,10.782485,10.513164,10.237482
1.1907839,13.261789,11.093035,9.695236,11.044426,10.266475,10.869999,10.987421,11.9759245,11.456919,10.840312,10.306339,10.929379,11.999201,10.974775,11.360476,11.130306,11.689243,11.005011,10.714204,11.49671,10.384415,10.011841,9.9514065,11.201775,11.617066,11.097501,10.315758,10.793498,11.593381,10.442347,10.892733,10.908463,10.331692,9.152312,10.731232,10.977015,10.4228945,10.429907,10.273193,9.968275,11.264741,10.851888,10.854676,10.384949,11.456802,10.305156,11.42927,9.798568,11.439716,10.759415,10.60211,10.840151,10.204986,10.899762,9.978411,10.629156,10.850181,10.541838,10.07981,10.170231,10.31531,10.4341545,11.045712,10.814377,10.214068,10.045294,11.012655,10.820631,10.772688,11.529325,10.865544,11.036908,9.248691,10.670147,10.265812,9.80682,10.107825,10.61268,10.103757,11.507523,10.803069,10.751378,10.9799,11.306191,10.000914,10.016192,11.057279,10.161959,10.520488,10.458332,10.447419,10.743764,9.821454,10.995384,11.443762,10.254449,10.277824,10.576619,9.565301,10.852769,10.827329
1.1198452,14.2194195,10.645186,11.38443,9.291362,11.28598,9.420923,10.144208,9.708284,10.273766,10.3364725,11.32501,11.018982,11.155926,10.29105,9.246813,10.789382,10.339024,8.890296,10.321291,10.807517,9.747085,10.767071,10.813982,10.649446,9.486538,10.050368,9.244733,10.52476,10.3389,10.660477,10.054628,9.556033,9.905058,9.616285,10.630747,10.591078,9.064656,9.902713,10.834534,11.100932,10.037258,10.464269,10.304566,9.580978,10.6066475,9.858697,9.773418,9.595493,10.17337,10.337857,10.037755,9.598023,9.194595,10.816195,10.193978,10.133198,9.738983,9.333261,10.155927,9.158409,10.30365,10.256013,9.014782,9.132332,9.958831,10.052504,10.220128,10.245112,10.199253,9.983181,10.453151,9.715947,9.855115,11.263039,10.655232,9.898677,11.406872,10.698436,9.092484,10.239021,10.269159,10.042331,9.849038,12.180095,10.326274,10.679106,10.832621,9.484853,10.162204,10.70136,10.1968775,9.754852,10.094097,9.265075,9.513353,10.954568,9.859312,10.731531,10.314121,11.0762005,10.3962555
0.83233255,16.753338,11.546914,11.845526,12.821543,11.055713,12.000574,11.283899,12.221943,12.305218,11.567302,12.48113,11.683304,12.113452,11.235807,13.2244625,12.321345,11.796421,11.224966,11.693773,12.164428,11.121273,11.49359,12.227088,11.31157,12.112965,12.01089,12.384264,12.538515,11.788674,12.590937,12.257225,12.5459385,12.128895,11.885473,12.651968,13.24597,12.466184,11.666325,12.5389,12.83676,12.049537,12.848102,13.670162,12.604216,11.630616,11.745513,12.812112,12.087333,13.264358,12.151228,11.384466,11.843323,11.901468,12.5368805,13.300933,11.916225,12.835349,12.088862,12.3935585,11.6139965,12.435925,11.953432,12.6088295,12.140927,10.93878,12.089616,13.284994,12.383776,13.229986,11.924271,12.115551,13.172581,12.294878,12.454242,13.077441,11.362268,12.186109,11.584651,12.140551,11.882336,11.404925,11.815926,12.368652,11.75972,11.8149,11.117653,12.282907,11.275254,12.162845,11.275757,11.986614,11.799322,12.253502,11.18384,12.478398,12.630405,13.189307,12.099961,12.787797,12.435274,12.703693
0.2517265,13.412092,9.246783,10.467421,8.946936,9.554931,9.571508,8.798396,9.400589,9.050052,8.684268,9.284496,10.242508,9.363071,9.508481,9.366777,9.237252,8.475988,9.751064,9.963534,10.06475,9.248969,9.8649235,9.846749,9.939886,8.71596,9.756132,10.095594,9.83841,9.908096,8.886549,9.887934,10.256441,10.286784,9.053721,9.899142,9.722593,9.813663,9.476751,9.829617,9.660419,9.970497,9.863908,9.366369,9.50385,8.946982,9.281577,9.156335,9.696881,9.435913,9.267353,8.740552,10.181588,9.669401,9.766207,11.116905,9.459343,9.323594,9.8656225,8.7708025,10.06231,10.153235,8.891204,9.373713,8.860376,9.5894,9.463051,10.104823,9.182766,10.417719,9.493851,9.500158,9.780153,9.240615,9.458502,10.5624275,8.826456,10.067397,9.608798,9.440058,9.36132,8.318102,9.556938,9.463577,9.893737,9.470692,9.274213,9.004135,9.978181,9.79365,9.67198,10.506412,9.277696,9.182325,10.784966,8.879274,9.983249,9.798916,9.620122,9.559227,9.9494505,9.248106
1.2550043,12.320234,10.470776,12.459059,11.92108,10.836674,11.123133,11.043899,11.134392,12.418919,11.694494,11.731904,11.21648,10.477682,10.9905815,12.348324,11.236825,11.602209,11.227252,10.666988,10.664308,11.492575,11.688077,11.598028,11.580644,10.2878065,11.833099,11.867333,11.64897,11.2763,10.723117,11.8585615,10.997354,11.41978,10.603437,12.06763,11.754186,10.304742,11.274058,10.267151,10.396083,11.288356,11.323273,11.474508,10.391419,10.584318,12.653488,12.518209,11.577703,11.257697,10.983219,10.732082,11.152687,11.001323,11.443758,11.701752,11.990403,10.966843,10.486622,10.10897,10.732639,11.89569,12.18346,11.403165,11.682058,10.710673,11.512964,11.158132,10.776499,12.5219,11.379548,10.542594,11.022122,10.544755,11.712117,11.828411,11.597237,10.905383,11.094697,11.007451,10.015444,10.5127325,10.914114,11.530989,11.891556,9.731823,11.389816,11.480728,11.176642,10.558018,11.586746,12.463739,10.249819,12.434458,11.437079,11.594339,11.689264,12.417893,12.280223,10.803269,11.026858,11.21844
0.26388094,13.580658,9.116277,8.051717,9.042796,10.3729725,8.7165365,10.090528,9.625301,8.298961,10.788929,9.869096,8.892351,8.769002,8.832565,7.9663634,9.652447,9.234995,9.497947,9.721428,8.4671135,10.099846,9.789197,9.720556,10.322957,9.993829,8.968582,9.079084,9.2108135,9.243353,9.465976,8.058681,9.750205,8.909331,10.404415,9.790503,9.455814,10.25067,8.804795,9.61996,10.230401,9.122487,8.962224,9.44557,9.6425905,8.733351,9.43631,9.495826,8.434455,8.775942,9.18266,9.026361,9.877985,8.766515,9.091098,8.454636,8.6434765,9.499256,9.904913,9.751593,9.951576,9.244864,9.865182,9.868542,9.992257,9.537244,9.742101,8.607836,9.451576,9.002055,9.927044,8.948797,10.037296,10.096861,8.620676,9.362977,9.133433,8.907892,9.560592,9.860124,10.806357,9.916906,9.973268,9.600169,8.824303,9.475031,9.292459,9.4789505,9.117689,9.993365,9.279541,9.34202,9.8387165,8.18144,9.528521,10.737915,9.146331,9.204139,8.71241,10.278687,9.336529,8.956849
1.0547729,15.000962,9.989306,10.856615,9.291659,10.013963,9.071232,8.606813,8.282474,9.944607,9.083669,9.509183,10.055151,9.426548,8.919323,9.563748,10.2144,8.979538,9.362302,11.156728,9.524592,8.845879,9.277398,9.235874,9.36437,7.6031075,9.063081,9.148572,9.260415,9.494978,7.9808664,9.082952,8.576288,10.298539,8.763091,8.731718,9.138919,8.947596,9.08002,9.458938,9.456263,8.554179,10.518893,9.061009,8.169557,9.901922,8.098019,9.133256,9.922268,9.503161,8.255211,9.047158,9.920938,9.063463,9.261889,9.243279,9.12573,9.213722,8.435329,9.153336,8.37331,9.449214,9.338389,9.250683,8.257999,8.366632,9.015039,9.572547,8.5472555,9.127838,9.260268,10.376216,8.855591,8.102289,10.063206,11.042674,9.231749,9.160973,8.856479,9.3955965,7.9678535,9.201151,9.425802,9.468008,9.702723,9.965675,9.35491,10.713026,9.824549,9.082118,9.009548,10.35395,8.924613,10.13332,9.933871,8.437564,9.146021,9.34699,9.599601,8.161468,9.356572,8.814533
0.086626306,10.91826,9.740858,10.548552,10.831006,11.264013,11.430039,10.862007,10.586185,10.297916,10.539787,10.983544,10.559506,9.92321,11.912096,10.905996,10.816382,11.05521,11.295042,11.095625,11.43846,10.844629,10.910581,11.65054,11.057203,10.371264,10.292576,10.778071,9.933561,10.700145,9.992949,10.343145,11.101837,10.460548,11.121149,11.193132,11.178134,11.314982,10.471783,10.8457155,10.60713,11.396457,11.150042,9.391759,11.280891,10.313572,10.085553,11.228252,10.914622,10.98808,11.028684,10.559764,11.199495,11.977516,10.705735,10.194614,10.595865,10.672287,11.116849,10.771789,10.310993,10.707724,10.421554,11.062983,10.03159,10.7503195,10.445206,10.8633585,9.3368,10.4706,10.862889,10.698519,9.855957,10.87548,9.867928,10.439066,11.422976,10.768193,11.892117,11.691194,10.824813,11.045514,11.041541,10.494348,9.846585,10.0682535,9.816801,10.40071,10.695605,9.921406,10.787879,9.834302,10.793619,10.890417,10.7992,10.689542,9.966846,10.821817,10.869941,10.474136,10.4676895,10.821831
-1.1176071,6.528118,12.279306,11.578496,12.102406,10.76693,12.204848,12.147455,11.328561,11.634051,11.856081,11.885153,12.330905,11.5489235,11.839444,12.524912,11.795783,11.9832945,11.7096615,10.558386,11.267956,11.544886,11.484047,12.291386,12.313221,12.315543,12.329321,11.750555,12.86766,11.908119,11.911811,11.7915,11.556264,11.030266,12.20452,11.268498,12.225796,11.823362,11.631385,10.813997,11.982065,11.659578,11.665994,12.176885,12.270817,11.878048,12.08595,11.69434,10.550482,11.346836,12.380048,10.8579235,11.670629,11.646909,11.2628765,12.258312,12.170677,12.621503,12.052542,11.792623,12.37734,11.155135,11.549992,11.203218,11.753758,11.132197,11.424616,11.729705,11.1309185,11.9988165,11.920801,11.656543,12.660431,12.107353,12.372656,11.074206,12.286957,11.146145,12.316004,11.021869,10.677155,11.433319,11.434626,11.549297,12.057842,11.067349,10.893936,11.155128,11.422517,11.24757,12.704966,10.289829,11.172585,12.281388,11.354134,11.301979,11.115268,12.250731,11.661322,10.924765,11.816324,11.700135
1.20338,13.082032,10.23889,10.302458,9.742724,10.44573,8.996836,10.568772,9.750638,8.689244,10.649353,9.851288,10.374953,10.805491,10.962905,10.5580015,10.108332,9.464078,10.245385,9.67013,10.349035,8.582297,8.772489,10.271272,10.39811,10.264703,10.06246,9.531498,9.474676,10.485407,9.953305,9.505611,10.935562,10.572731,10.08377,9.540679,11.27776,9.2263775,10.432445,9.342265,9.926115,9.719844,9.632483,9.328253,9.607184,10.513933,10.145302,11.34317,9.623954,10.432786,10.641145,10.268219,10.363615,9.988857,9.875008,10.072555,9.194683,9.259807,10.45118,9.208118,10.779988,10.743141,8.9021225,10.271923,10.253169,9.70192,9.794256,10.882791,9.225851,9.316494,9.9991455,11.106433,9.98516,9.372326,10.267496,9.513011,10.639728,9.69952,10.093559,9.993764,9.980603,9.264651,9.660201,9.857912,9.966272,9.617549,9.918807,10.122985,10.611966,9.754251,9.076918,9.005689,10.581679,10.584805,9.410531,10.934838,10.413785,9.731274,9.692654,9.875448,9.210318,9.582009
-1.6496494,14.4980545,11.825596,10.573309,11.27586,9.852633,10.995247,10.240059,10.264568,11.216133,10.756037,10.897715,11.795906,11.644722,11.276298,10.702977,11.389066,11.519987,10.51114,11.113768,11.848337,11.432013,11.753715,11.8214245,10.880823,10.488425,10.576914,12.031473,12.095209,11.462547,11.203301,10.330491,10.520706,10.819454,12.260286,10.958332,10.415233,11.830732,12.020292,10.062887,11.536883,11.057213,12.264284,10.747142,10.82784,10.907246,10.442401,10.875006,12.800259,10.550385,11.332971,9.955308,10.040931,10.876589,10.571215,10.619868,9.888458,10.586472,11.888441,12.304449,10.465433,10.720457,10.855931,11.464743,11.146716,10.583567,11.323241,12.511595,11.802488,10.66735,10.622305,10.4248705,11.036116,11.058287,11.925098,11.413887,10.784998,11.339223,11.244873,11.863357,10.503679,11.076539,10.405687,11.456785,9.997789,11.497127,9.735798,10.491787,11.466031,10.870405,10.966928,11.389314,11.520226,10.77241,12.700852,9.395004,10.921551,10.157259,10.322413,12.261899,9.543395,9.659837
-0.33586508,4.812264,10.44348,10.838667,10.822521,9.89741,11.385288,11.201927,11.327709,10.85225,11.192928,11.298647,10.66918,10.520544,11.18357,10.645924,10.727742,11.262256,11.637565,10.422667,10.986741,10.6338,10.741762,10.977534,10.446567,11.090406,10.28878,11.764097,10.071085,10.100011,11.123322,11.156667,10.954666,11.207019,11.447344,11.860089,11.520649,10.730125,11.278101,11.353935,10.014595,10.774401,11.160109,10.952029,11.145542,10.633983,11.051523,11.459779,11.207381,10.772504,11.06769,11.12104,10.324675,11.263734,10.413669,10.325648,10.590213,11.276103,10.994888,10.343712,10.748128,11.013955,11.403504,11.906951,10.280981,11.42848,10.70924,11.606584,11.318785,10.94139,10.8006115,11.805535,10.265846,11.647791,10.570285,10.602893,10.318202,10.840707,11.084676,10.990667,11.630126,11.898182,11.127026,11.282458,10.824366,10.633272,9.711895,11.142461,10.956162,10.841347,11.120771,10.613206,11.47209,10.587891,10.305617,11.21257,10.710659,10.680863,12.234681,10.8358135,11.0520115,11.237571
-1.5264062,12.828682,12.242407,11.620612,13.574164,11.502475,12.340421,13.241697,12.424528,12.367915,11.125524,12.538984,12.697911,12.662807,13.374317,13.034399,12.06889,12.336813,11.742804,11.950098,12.861895,10.988698,10.967808,12.396614,11.734248,12.578231,13.025634,13.046596,12.523594,12.198656,11.910516,12.248965,11.973242,13.159469,11.605861,11.782673,12.39073,12.316954,12.473724,12.532241,10.377827,13.177256,12.352084,12.45983,12.118628,10.660544,12.384333,12.265783,11.361188,12.417873,12.117188,12.317827,11.898726,11.243679,12.227202,11.614435,12.648501,12.652701,11.650273,11.828433,12.004508,12.4304905,11.93586,12.526112,12.714699,11.541555,10.738133,12.6644745,12.2267065,12.919565,12.658558,10.915015,11.327949,10.805121,11.708761,12.349168,12.398619,13.262032,11.771382,11.659251,11.678586,12.334039,11.217705,10.753949,11.760094,12.108757,11.823571,11.972011,12.07653,11.140181,12.057689,12.177972,12.223922,12.924076,10.557046,13.244271,10.297722,11.683307,12.042045,10.890414,11.74268,11.155027
-1.5816826,13.613434,10.311958,9.764799,9.443108,9.469305,9.831714,9.406231,8.983777,8.765894,9.532629,8.466593,9.143026,9.548944,9.045847,8.550012,9.848749,8.616533,8.944481,8.419619,10.138615,9.885815,8.393936,8.909567,9.121502,8.188535,9.635873,9.881635,8.7087965,9.162999,9.581631,9.299235,10.781601,9.889919,9.545657,9.044311,9.228418,8.152918,9.838129,9.189866,8.746287,8.796776,8.102396,9.518398,9.830685,9.137298,9.187249,9.644938,9.36787,8.83324,10.3348055,10.75116,8.734172,9.962861,9.676721,8.490644,9.788655,9.438197,9.768532,9.765873,9.867111,9.631494,8.868341,8.598205,9.73378,9.775408,7.5176187,9.429185,8.920331,9.707403,9.561542,9.486746,8.967566,8.6653595,9.01024,9.656213,9.763698,8.689264,9.1672535,9.249135,8.228181,9.001303,9.818814,9.2283945,8.702631,9.813218,9.145333,9.150743,10.233093,8.941711,8.952216,9.25262,8.944816,9.626886,9.403321,9.460876,8.660887,8.525855,9.929621,9.416572,9.304971,10.145601
0.8474452,16.685656,9.040996,9.098291,8.46368,8.5996275,9.875429,9.612474,9.692351,7.890494,10.213486,9.40023,8.621138,9.512761,8.50563,8.911204,8.779946,8.03001,9.323705,8.433475,9.188933,10.137237,7.375554,8.023937,9.899608,9.548064,8.726762,8.541004,7.8678765,8.8808565,9.032678,7.638424,9.241547,8.303625,8.95597,7.5829487,8.727976,8.696554,8.936444,9.315015,7.902824,9.639238,9.426884,9.622666,8.931935,9.112479,8.609341,10.77467,7.8379345,10.107471,9.65573,10.450751,9.230018,9.616196,8.427208,8.388159,9.92744,9.16027,9.694046,9.085403,9.824062,8.621726,8.856401,8.382683,9.691835,9.772066,8.242894,9.880676,8.4812155,10.013342,7.7566185,8.618566,9.034473,9.259746,8.239614,8.830907,9.70416,8.283864,9.370468,9.3687525,9.863192,8.764548,8.963289,8.971803,8.510192,9.414429,9.8026905,7.680873,9.567407,8.829295,7.6157036,7.793894,8.989312,9.938356,8.995369,9.9018755,8.582566,9.326938,8.289537,8.1026325,7.8427997,9.703546
1.2774537,11.978239,11.086144,11.217102,11.617177,12.297874,12.316904,12.844923,13.377426,11.722875,11.886887,12.17197,11.923521,12.042368,12.40551,12.040228,11.835621,11.827534,11.985572,11.338169,13.479162,11.810578,10.804475,12.121839,11.774042,12.719723,12.248707,11.637608,12.468332,12.160772,11.836941,12.182165,12.210165,11.391537,12.506548,12.146245,12.238492,11.907221,12.119092,12.378325,11.350134,12.267756,12.053104,11.709177,10.769493,11.687597,12.33634,12.152499,11.812785,11.407322,12.475301,12.385909,12.64598,12.632255,11.905832,11.838641,12.036779,11.687448,12.1237,11.303953,12.355299,11.951138,12.3346615,12.529892,11.797297,12.875597,10.984592,13.525282,11.638504,12.696825,12.332895,11.618287,13.021224,12.699513,11.588788,11.837745,11.380395,11.828172,11.318199,13.468735,12.538218,11.268864,11.356611,11.632875,11.322064,12.290882,11.447081,11.694677,12.797454,11.975237,11.634775,11.313536,11.425076,10.94988,11.551484,13.401214,11.8431425,13.184845,11.5749,11.751205,11.640394,11.581405
1.4017467,10.015682,10.961145,10.91387,10.624811,11.471979,10.294633,10.251255,9.537062,12.138003,11.208559,11.472046,11.911593,10.906071,12.088776,11.449347,11.370527,11.346145,11.040397,11.262188,10.755612,11.228411,10.526403,11.131831,9.33595,10.808592,11.044214,10.576606,11.433875,10.845608,11.207757,11.36249,10.2570095,11.55502,10.201399,11.372239,11.484636,10.590631,11.50411,10.85565,10.506488,10.634044,11.132052,11.293707,10.757603,10.581562,10.473093,10.651509,11.424263,10.181179,10.896282,9.922116,10.290328,11.368736,10.9612,11.06144,11.485454,11.219013,11.268556,10.572802,9.598031,10.929951,9.808368,10.052231,10.406352,10.145739,10.434256,10.571268,10.359633,10.844594,12.152958,10.317125,11.554898,9.835213,10.939255,10.040566,10.562544,11.876847,10.18934,10.508843,9.991818,10.972712,10.897688,9.692698,10.246929,11.279468,10.231897,11.612103,9.967093,10.470392,11.888216,11.17469,10.328845,11.6491995,10.610434,10.886803,9.869172,10.537206,11.387582,10.856593,11.620255,10.119525
1.0284115,15.287,9.411435,8.944969,9.705629,9.130771,9.733638,8.019383,9.044115,9.288151,9.681767,9.891235,9.078892,8.933847,8.78865,10.011512,9.078203,9.848387,10.093293,9.004492,8.390949,9.632376,10.163743,9.789991,10.234913,9.580888,8.285094,9.774399,9.334044,9.823053,9.475315,9.170405,10.29348,8.801906,8.792475,9.667375,7.89236,9.233497,8.71756,9.209937,9.450293,9.165417,9.018375,9.769781,9.043114,9.598258,9.596796,9.031952,9.74981,9.799896,9.623751,9.0531025,8.910826,9.056663,9.806381,9.39475,9.146787,9.4249325,8.972553,10.070048,9.507688,9.443214,9.515256,8.2297735,9.0696745,9.111274,9.821144,8.190313,8.476023,9.911322,9.023182,9.052342,9.291849,8.777734,9.87125,10.488335,9.387777,9.644432,9.705173,9.0301695,9.4741745,8.906501,9.341071,9.644311,8.949886,9.274537,9.115528,9.082719,9.532176,9.30505,9.587129,9.931909,8.085935,8.6881,9.317626,8.7875185,10.607486,9.986273,9.381263,8.557284,8.070867,8.66811
-0.28754395,5.362243,10.1419525,10.658184,10.310846,10.457209,10.021236,10.779858,10.601646,10.933062,10.356829,10.238231,10.193578,9.349538,11.085259,9.821769,10.978909,10.195662,10.573024,10.147395,9.856635,10.176273,10.759801,9.712959,10.6495695,10.25985,10.212979,10.1700325,10.429993,9.739697,11.344305,11.085273,11.690073,10.6279125,10.050097,11.319121,9.340465,11.214158,10.406349,10.471848,10.396756,11.42918,9.489747,10.6517315,10.335008,10.611593,11.204101,10.222925,9.879736,10.954702,9.632896,10.777866,10.074057,10.02622,10.145572,10.86052,10.393634,10.567109,10.522708,9.363362,9.9687605,10.009037,10.859163,10.946479,9.581412,9.703386,10.109741,10.048797,10.426959,10.143148,10.36421,10.528002,10.579479,10.566704,10.990889,11.078746,11.204117,9.876402,10.667187,11.036879,10.44266,10.784222,9.989028,10.881599,10.201233,9.752443,10.222036,10.84662,9.917049,11.291924,10.982897,9.585257,11.407443,10.268011,10.211055,10.080637,10.480107,11.120859,9.792741,10.258755,10.438958,10.350042
1.7254353,5.290005,10.954972,11.000074,11.297418,11.467114,11.684808,12.93836,12.312115,11.915046,13.180441,11.624633,9.9344,12.432217,12.074274,9.364245,11.022361,11.936062,12.945256,12.366003,11.567494,11.860592,13.380559,12.294328,11.959727,13.56641,12.139618,12.691956,12.14899,10.567152,12.801743,12.062815,11.753884,11.84668,12.511354,11.751237,11.680325,12.260199,11.290665,11.775977,11.953554,11.591927,11.333254,12.021585,11.197666,11.547466,11.59221,11.711779,11.517345,11.699749,11.905791,12.702209,11.272439,12.229131,11.221106,10.533152,11.401251,11.840797,10.770605,12.350291,11.885927,11.993443,11.819497,11.845966,11.452216,12.443642,11.8882,11.288173,12.896997,10.756372,12.164964,12.057699,10.654321,13.32202,11.157234,11.593252,11.594558,11.745786,13.353463,13.16193,14.004301,11.997721,11.406717,12.471001,11.334388,12.748208,11.955517,11.729608,12.527172,12.687257,11.623658,10.483606,12.300482,10.798803,11.752137,10.486032,11.950845,11.58938,12.803893,13.065435,11.631024,11.797711
0.4415976,15.666948,9.452825,8.328858,9.68883,8.434917,9.78632,10.27336,9.428759,9.787598,8.832047,9.030208,9.774411,9.446,9.563403,8.729566,8.424202,9.083565,8.819345,8.891585,9.198288,9.377534,8.956625,8.241947,8.606638,9.643471,8.851492,9.129654,9.403692,9.274203,9.171705,9.598718,9.227991,9.466447,9.844733,8.749975,9.377291,9.9594555,9.022431,9.479758,8.743443,9.734994,9.450381,10.042445,10.232752,9.93984,9.238537,8.111723,9.700211,9.479464,10.346202,8.974743,8.9608135,9.3518715,9.105648,9.550603,7.9428844,9.732536,9.095197,10.325444,8.632357,9.0423765,9.899576,8.675205,10.1369295,8.5133915,8.587546,8.057251,9.663473,8.902706,9.235768,9.385279,9.745673,9.075591,8.951911,9.040038,10.089688,9.371549,9.453308,9.436801,8.759818,8.882451,8.845934,8.791395,9.585014,8.857584,10.019323,8.732517,8.663893,9.399932,8.778355,9.8413725,8.677546,8.986469,8.749891,8.598144,9.385221,9.385889,9.443307,8.854786,9.489491,8.381944
-0.9599505,4.606877,11.572603,11.719621,10.783938,9.799501,11.233955,10.802243,9.536249,11.514963,10.534042,11.752515,11.917042,10.5115385,10.790735,10.72915,11.323797,10.744193,10.7359495,11.150992,11.787489,10.882028,11.84308,12.30213,11.263981,10.481208,10.333349,11.130691,11.324186,11.283043,10.797595,11.048813,10.486785,11.057812,11.052643,11.623728,11.801982,10.780298,11.242008,11.112013,11.806124,11.393509,11.212964,10.480652,10.65286,11.036033,12.136293,10.459527,10.505674,11.136828,11.163039,11.371384,10.476977,10.4421625,11.103475,10.8019285,11.010163,11.131848,11.19443,10.625523,11.087631,11.258588,11.059889,10.938513,11.919208,11.145043,11.695622,11.982872,10.91387,10.187704,10.968318,10.730353,10.676157,11.16403,12.465592,12.037619,11.000197,11.796081,11.623032,11.2572975,10.557765,10.901775,10.824572,11.266129,11.536377,11.269827,10.63646,10.3521805,11.301571,11.154434,11.846831,12.408091,11.138695,10.05008,11.470732,10.183591,11.690058,10.771695,11.160907,10.85115,11.179192,11.273144
-1.4401095,11.518207,10.938152,9.707797,11.543663,10.56863,9.399794,10.918557,10.768062,10.7556,10.640988,11.795197,9.221708,10.987303,9.938575,10.416693,11.006631,9.810022,10.464383,10.713926,9.850415,12.014428,10.687617,10.914825,10.511911,11.229983,10.652124,11.805187,11.422057,10.806404,10.75795,10.194173,10.704288,10.016869,11.9166,11.224237,10.586547,10.701101,9.924686,10.096714,9.991608,11.0678,10.192282,9.73519,11.368498,9.67773,10.124989,10.339921,9.715021,9.84708,9.202028,10.73456,11.705749,10.846589,11.859749,10.059547,9.864899,10.177892,10.168602,9.617568,11.845216,10.358631,10.597265,12.206272,10.174587,11.116417,11.081007,9.614743,10.774162,11.539297,11.656243,11.138398,10.788022,10.912401,10.851491,10.728437,11.852739,11.745754,10.579862,10.959754,11.891319,10.484493,12.332918,11.469115,11.734594,10.758778,10.863701,9.693266,10.490651,11.360486,10.842797,9.364733,11.005985,10.116841,10.254885,11.442025,9.710292,10.975081,9.853162,12.207459,10.935077,10.013093
-1.469292,11.970567,9.478837,8.972191,8.984416,9.334139,9.853355,9.376513,9.461035,9.133892,9.930886,8.173396,8.982054,9.590861,8.6624365,9.111586,8.382561,8.960019,9.005777,7.6753306,9.791611,9.172529,8.025202,8.566812,8.403801,8.464225,8.407057,8.80308,8.477066,8.2201395,9.019165,8.010316,7.8077745,9.881962,8.170915,8.218324,9.287316,8.6420555,9.080368,8.493046,8.445527,8.16311,8.625032,9.34035,8.253269,9.344025,8.783614,9.472106,8.509733,9.178588,9.81634,9.613931,9.113103,8.857044,8.749024,8.882153,9.423786,8.897727,8.694206,8.470766,9.392778,8.767166,10.741364,7.9933395,9.04863,9.704371,8.677727,9.18493,8.465491,9.484589,8.886397,9.390673,8.585964,8.344877,8.4769125,9.378877,8.824282,8.871362,8.09746,9.876333,8.819711,9.50964,8.56233,9.016726,8.332904,9.037174,8.580381,8.013645,10.15707,10.268534,9.743097,8.455248,8.809534,9.667347,7.7388563,9.669591,9.079696,9.643707,7.991529,9.332062,8.957862,9.675171
0.731668,16.995457,10.868206,11.31006,10.656187,11.6968975,10.849269,10.740507,11.138124,10.786224,11.152605,10.623342,10.574598,10.983262,11.164827,11.050642,12.098654,10.942928,10.346081,10.800605,12.082842,10.637782,11.081155,11.449011,10.768684,10.445515,11.018105,10.360223,11.361108,11.370746,10.825664,11.353054,11.445388,11.564039,11.427401,10.438768,9.94397,11.47596,11.094673,11.393127,11.761984,11.548135,10.874213,11.250961,10.690595,11.763889,11.710994,10.691228,10.8587055,10.877474,11.619002,11.578857,10.798795,10.87961,11.821783,12.152485,11.282316,11.316229,10.611805,11.048769,11.26856,11.210937,10.632959,10.223327,11.247966,12.485557,11.53862,10.730565,11.15604,11.037599,11.003579,11.2184515,10.473717,11.277182,11.365898,11.623021,10.710803,10.88088,9.933766,10.980853,11.345304,11.309762,11.802377,11.162597,11.760766,12.185907,11.4115305,11.168533,11.770705,9.78711,11.60643,11.8366,11.563036,11.054268,10.510741,10.545034,11.917257,11.372704,11.631115,10.588479,11.66379,11.203342
1.353668,10.783756,8.2749405,9.2556,9.834256,10.071979,9.005346,9.863362,9.325222,10.574422,10.05638,9.319547,8.275259,7.8413243,9.464531,8.699514,9.374186,9.270074,10.236835,9.352547,8.702055,10.951343,10.989416,9.927196,10.512168,9.794182,9.01677,10.466203,9.537879,10.235938,10.033739,9.273809,9.232056,9.183621,10.028887,9.170761,9.462336,10.151291,8.62442,9.386993,10.270962,9.401349,9.173644,9.820486,10.587402,8.5249815,9.030326,9.134209,8.645832,10.27495,10.013926,9.75958,9.649701,9.121676,8.0637245,8.075238,10.322607,9.721319,9.731795,10.354288,10.126382,9.842933,9.974654,11.055906,9.288895,10.3704195,10.473023,9.226628,10.289893,10.112435,9.348464,9.077192,8.92152,11.054816,10.631235,10.008087,10.113251,8.865379,10.39709,10.4832115,10.405848,9.527185,9.091406,10.858362,9.515054,9.309695,10.841901,9.7676935,9.702158,10.144501,10.267257,10.100293,9.945448,9.203576,9.530979,9.672418,9.420455,9.455436,10.568182,10.983683,9.784518,10.465173
0.97103786,15.841823,10.846254,10.286663,10.229961,10.102465,10.150022,10.594813,11.2514305,9.142499,9.088752,9.9751215,9.892794,11.058774,10.47839,10.60788,9.717498,10.6985,9.840721,10.804491,10.677573,10.2987175,9.189466,10.715672,9.895442,10.024831,11.019992,10.750648,9.656406,10.257746,10.798199,10.313526,9.96887,10.603901,9.9345255,10.021377,9.800524,10.409089,9.873619,9.526181,9.3428755,10.748515,10.23163,9.351642,7.8930035,10.886947,10.678582,9.582064,10.8494005,9.519505,10.55813,9.477149,10.543145,9.605645,10.007808,10.743786,9.606735,10.135559,8.642626,8.542206,10.029542,10.543742,9.562995,10.410403,9.762795,9.0762,10.814077,10.177563,10.426222,9.937854,10.66781,9.390942,10.025133,10.033127,11.332955,9.627056,11.402528,10.504105,9.223578,9.716544,10.416345,10.007452,11.246486,9.546049,10.216166,11.4470825,9.932932,10.849833,9.851018,10.0186825,9.827691,9.530316,9.413609,10.322313,9.660824,10.332098,10.924468,9.335408,9.718675,9.856414,10.616126,9.707546
-1.3073959,9.40639,9.957934,10.118019,8.709982,9.278861,8.867779,9.786571,9.382134,10.671466,10.338796,8.4459505,10.137402,9.759949,9.877458,9.2613945,8.562201,10.169092,9.693669,10.308159,9.830631,9.823202,9.78788,10.343929,10.094984,9.412497,9.1344595,9.182079,9.68026,8.294102,9.111005,9.13427,8.894483,8.6948185,10.008945,9.778494,8.849781,9.389102,9.280088,8.376687,9.773387,9.557031,9.707073,9.095835,10.006068,9.643378,10.426587,9.803394,9.694117,8.564528,10.338202,10.160856,9.589302,9.863759,9.988281,9.340215,9.008437,9.905216,8.363027,10.032842,9.420493,9.84295,9.876335,8.429277,9.874756,9.941971,9.398734,8.977354,9.438758,9.660983,10.469654,10.030527,9.677059,8.932485,9.658753,8.318508,8.754413,10.519349,8.233128,9.381482,9.979468,10.193675,9.360684,9.903948,9.312804,9.976366,10.556082,9.859709,9.250394,9.9006195,9.404437,9.540066,9.275993,9.118502,10.126065,9.88481,9.342755,10.098724,8.744352,10.105319,9.275913,10.042897
0.67441916,16.9685,11.00938,12.040578,10.934883,9.877646,10.963671,10.308939,10.983502,11.282259,9.909183,10.627668,11.43969,11.68882,10.42967,11.282801,12.025124,11.444876,10.981276,11.236649,11.540615,10.233808,10.985395,11.267479,11.541965,9.703481,11.294084,11.66043,11.495881,10.645487,10.534067,12.254524,10.527781,11.692708,10.867217,11.437953,11.398441,12.1652,11.821905,10.642948,11.331363,10.642342,11.16902,11.115676,10.982826,11.427859,11.559511,10.778269,12.414027,11.71442,10.481127,10.825301,11.37627,11.511614,10.403702,11.846731,10.426719,11.482508,11.1030655,10.175143,9.828409,10.122725,10.520605,11.296709,11.592345,10.043922,10.281551,12.206118,11.390803,11.1596,10.815136,10.877336,11.157803,9.293123,11.521798,11.592768,9.946426,11.400531,10.327809,10.858908,10.404565,10.7068815,10.2948475,10.07227,11.136403,11.197285,10.981182,11.728592,10.840132,10.899446,11.378307,12.4177265,10.595011,11.603566,11.660078,10.958557,11.051802,10.905193,11.475056,10.085531,11.626859,11.7879925
0.5434958,16.462759,9.672894,10.026286,10.072906,9.861956,9.491174,10.528212,9.570848,9.36594,9.3639555,9.8471365,10.161346,10.693339,10.780006,10.184723,10.267468,10.287422,9.567649,10.217049,10.301187,9.972155,9.780217,10.005395,10.395392,10.228727,10.946421,10.021368,10.087199,10.293996,8.159634,10.208751,10.789133,9.814825,10.35184,10.496898,9.6785755,9.603377,9.801454,9.090674,9.790705,9.325558,9.9209,8.939088,9.770869,10.495763,9.584174,9.904978,10.00893,9.394312,9.924377,9.521431,11.229419,10.405022,9.756363,10.6415825,10.393171,9.654843,10.027211,9.413134,10.114153,10.49631,9.797094,9.618552,9.675493,9.43688,9.5665655,10.641987,9.271473,10.878214,9.940024,10.8369,9.618764,9.899776,10.205452,10.675146,10.35665,10.490493,9.334619,10.372754,10.763515,9.30065,9.619554,9.016902,10.236703,9.512892,10.069258,10.188668,10.28829,9.643552,10.406933,9.755203,9.768892,11.157603,10.188331,10.041612,10.894734,11.626661,9.362553,8.518916,10.511119,9.533229
1.6781476,5.8764853,10.879854,9.659136,10.206752,10.012378,8.623514,9.923428,9.116542,9.836133,9.163834,9.535958,9.252319,10.920819,10.1075735,10.026302,10.709211,9.663778,9.965359,10.023235,10.206938,9.978888,10.872131,11.164072,9.172051,9.89638,9.937122,9.773507,10.500144,9.132042,9.666882,9.275543,10.366808,9.895586,10.124807,11.683328,10.100314,10.009602,10.63918,9.516685,10.900172,9.561971,10.24924,9.205062,9.399929,9.637998,9.4649935,9.015966,9.784687,9.509024,9.031575,8.746052,10.824273,10.690711,9.173026,10.996151,8.09755,10.143267,9.808318,9.38426,10.059055,9.860052,9.854178,10.285223,8.725264,9.447589,10.786172,10.082694,9.550592,10.379782,10.995972,9.751181,9.527115,9.360863,9.174667,9.010406,11.101032,10.878417,9.485262,10.177636,9.001508,10.147579,9.65664,10.125732,10.526891,10.35971,9.206888,10.656919,8.413919,10.221877,10.850401,10.129104,9.593349,8.907703,10.276079,9.774898,9.775231,9.574659,10.014214,10.292294,9.633682,8.688163
0.35456818,14.742536,8.760658,8.980413,9.915811,9.299318,9.233204,9.6146555,9.7020645,9.711305,9.996681,9.459031,9.205067,9.38103,8.812974,9.147716,8.381125,8.501167,9.639733,9.385879,9.470156,8.720886,9.657755,9.492303,9.901187,8.350461,8.648466,9.251974,9.030678,8.383472,8.521746,8.719151,10.049145,8.426601,9.420922,8.983112,8.925765,10.011304,8.975008,8.974322,8.695172,9.28536,9.752939,8.343013,9.755292,8.594898,8.905098,9.18935,9.159326,9.360493,9.853316,8.947912,8.081377,9.67971,8.970486,9.769297,9.3651705,8.755436,9.360871,8.965641,9.902647,8.24195,9.590567,9.280517,8.81786,9.911427,9.713066,8.786821,8.527667,8.754683,8.6821785,8.68208,8.469333,9.8888235,8.74393,9.496918,8.3302765,9.408997,8.472794,9.719465,8.704868,9.398276,8.232673,9.606453,8.792666,9.190324,10.335816,8.164927,11.163775,9.221549,9.006035,8.797198,9.297819,9.872219,9.937548,9.931201,8.153595,9.839227,9.204692,8.685252,9.297433,9.414339
1.4400251,9.4035845,10.474728,10.184634,10.874028,10.344093,11.063634,10.95629,11.043688,10.493029,10.255903,10.889184,9.8383,10.019135,10.444046,11.6479845,10.155144,11.266691,10.729177,10.289923,11.150389,10.531963,9.8445635,10.594783,9.881191,11.433987,10.991889,11.162422,12.0123005,11.742813,11.6096525,11.048291,9.5869465,10.210014,10.793706,10.752981,10.647774,11.276651,10.232961,9.7717285,9.792814,10.620892,11.190979,10.428188,9.725046,10.614833,9.564604,10.111626,10.892495,11.515215,10.098783,10.611464,10.290082,10.770982,10.817758,11.86463,9.932065,11.348663,10.409038,11.713278,10.908181,11.034868,10.784913,11.296834,10.896011,10.665075,10.853626,10.623332,11.227047,10.719299,11.345079,10.233835,11.664503,10.740142,10.805665,11.648877,11.030883,11.427471,11.319609,11.759695,11.739188,10.120729,9.106517,10.951256,9.82379,10.234832,11.149534,10.956528,11.014409,11.088677,10.363596,10.451373,10.628592,11.711299,11.048841,10.939775,10.524116,11.323843,10.370389,11.630212,11.055259,11.329506
-0.7304572,3.09667,10.607355,10.894503,10.077773,10.678644,9.8094015,10.421049,9.708941,9.591864,10.887932,9.817239,9.223602,10.211418,8.267514,9.044143,10.713768,9.586053,9.853774,9.865112,9.602599,10.267332,10.433895,9.601854,9.874685,9.506575,9.877715,10.105796,9.102478,9.145143,10.518611,9.819156,10.218551,8.976433,9.82709,10.037109,10.021476,10.814212,9.866261,9.95891,9.959317,10.056389,9.461769,10.483713,10.456699,10.199053,9.890809,9.634028,10.699196,9.998092,10.055234,10.130795,9.238144,9.137285,9.758742,9.73726,9.919296,9.294663,9.84729,10.582606,9.209988,9.523309,10.124305,10.28722,9.765704,10.298852,9.932538,9.895856,9.835924,9.50984,9.925319,10.271089,10.055267,8.714247,9.9932375,9.805176,9.442047,10.743342,9.421855,9.62921,9.740335,9.867618,9.939695,9.615899,10.723377,10.164082,9.775443,10.356198,9.426115,10.136667,10.463193,11.060084,10.9027405,10.075688,8.69507,9.397578,10.430318,9.20909,9.810247,10.298204,9.738785,9.269987
-0.6220566,3.023256,10.379326,10.473367,10.084223,10.548534,11.353873,10.221781,9.57051,9.425652,10.019512,9.928889,10.428882,10.627462,10.325064,10.189832,10.776979,9.73292,9.339732,8.853142,10.293181,9.8046255,9.456292,9.921188,9.520939,9.086981,10.068854,9.873458,10.429883,10.2091875,10.371969,10.21067,10.207264,9.542995,9.710464,10.4401245,8.95789,10.012077,10.070052,9.6106615,9.576002,10.314741,9.572077,10.347923,9.787361,10.48406,10.359126,10.070026,10.140488,10.700244,9.709028,10.065326,9.069221,10.039656,10.503538,11.083784,9.965093,10.660848,9.369082,10.167951,10.377176,10.617172,10.772771,9.565693,10.518192,9.848079,9.357632,10.443628,10.337699,10.411958,9.5441,9.508963,10.109067,9.333909,10.059542,10.57375,9.908144,9.977248,9.898518,10.640135,10.492828,10.640344,10.095131,9.384356,9.216972,10.562208,9.928473,9.685262,10.87608,10.370086,9.785212,10.442795,9.9905205,10.171938,10.181643,10.542486,9.703667,10.402175,9.949124,10.186166,9.624141,10.628637
-0.25452048,5.771095,10.571309,10.350761,10.2402115,9.022911,10.186481,10.32193,10.403687,10.431569,10.049326,10.836481,10.321189,10.290235,9.766215,11.214282,9.864668,10.010214,10.865978,9.909795,10.029939,11.272751,10.61395,10.321981,10.197872,10.309284,9.77756,11.031359,10.302114,10.544402,10.448652,10.161321,10.534831,10.684431,10.239479,10.438362,10.561669,10.323245,10.217992,10.43832,10.198341,10.022962,10.112121,10.805192,10.383788,9.911713,9.883039,10.063396,9.875617,11.554972,11.493231,10.962136,10.269497,11.319287,10.406486,10.97125,10.208221,10.642904,11.217933,10.843904,10.988312,9.854601,10.881668,10.220099,10.457173,10.355654,9.328397,11.280955,10.511078,9.900467,9.81499,10.6557255,10.83966,10.027485,10.609838,10.277921,11.17137,11.259789,9.83693,10.464499,9.574895,10.028988,10.8690815,9.978119,9.721535,11.0462055,10.174662,10.513784,10.777856,10.523565,10.889523,11.380035,10.72199,10.328288,11.167896,10.305079,10.485888,10.310416,10.518942,10.344031,9.56317,10.86034
0.13778487,11.722081,11.899958,11.0522,10.95691,11.021448,11.551528,11.36593,11.718292,10.915555,10.761341,10.62924,10.901798,11.533321,11.225069,11.836626,12.061319,11.387067,11.339891,10.985842,11.59036,11.845338,11.941803,11.801856,10.908136,11.561293,11.869986,11.393524,12.137456,10.920605,11.361635,11.646135,11.225347,11.70928,12.358213,12.102274,11.769431,11.817068,11.614651,11.649313,11.637824,11.88695,11.935524,11.678381,11.879892,12.123544,11.539681,11.264026,11.6250105,11.686785,10.997089,11.095077,11.206085,12.522378,11.562203,11.936327,11.129584,11.59169,11.464983,10.570883,12.363897,11.361916,10.995007,11.478395,11.955278,12.050291,11.208399,12.237554,10.690518,11.514567,11.156734,11.252371,11.201759,12.655994,11.956995,12.1467495,11.630424,12.43495,11.295386,11.9514,11.231246,11.997759,11.596786,11.405677,10.779329,11.760629,10.931739,12.561701,11.216857,10.689309,10.958926,12.292773,11.9111805,11.459715,10.46236,11.540267,11.594924,12.361242,10.977957,12.148833,11.91391,11.661334
1.6796781,5.8567095,8.614926,8.566484,7.046676,8.843842,8.239714,7.734932,7.3755355,7.7975163,6.543884,8.428972,8.951599,7.809909,8.26971,8.261818,8.493237,7.215229,7.1290727,7.9959493,7.2003937,7.0402155,7.8653708,8.992981,7.997307,6.116972,8.158794,8.8863325,7.7389135,6.633178,7.8747663,8.408977,8.133161,6.6281157,7.291017,8.954746,7.9400926,9.146081,10.043303,8.881006,8.533893,7.460948,9.235134,8.270822,7.266197,8.543802,7.7678814,8.043859,8.743757,8.682048,7.5607514,7.4687767,7.6949396,8.811358,8.396546,8.951664,8.893923,8.77303,8.376342,7.376564,6.29665,6.2917223,7.1814814,7.211794,8.110773,7.4054966,7.8849983,8.236738,7.080886,7.8929358,8.006935,8.129213,8.245383,6.5419245,7.801655,8.84223,8.343279,8.715641,7.9536953,8.824955,7.000781,7.1807537,8.761867,7.1301775,9.991472,8.572532,7.8784423,9.410785,7.2887783,8.549868,7.767885,8.711031,7.8007174,8.84827,8.841325,7.2793617,7.8017454,8.006979,8.93119,6.3162665,8.987106,6.186615
1.3397055,11.005447,6.645222,7.230478,6.4459662,7.7614307,8.039905,8.050442,5.952216,7.407527,8.285261,6.336459,7.4147787,7.926858,7.793941,7.0729394,7.4447317,7.2293797,6.494522,7.2875814,8.203425,7.8584757,7.7668285,6.5356927,7.1821747,6.711537,6.593953,6.9015484,6.9747095,6.7279086,7.123324,7.347792,7.9108,7.0048957,6.6205235,7.6503468,6.381755,7.0167656,6.7955112,6.933195,7.4853725,8.038173,7.850318,5.7120786,7.367666,7.620605,7.2053585,8.03416,7.467223,8.268153,7.65728,7.49411,7.780423,7.768606,7.1671515,7.383522,7.6294823,7.221118,7.649007,7.5569296,9.100153,7.1072307,8.425957,6.9221044,7.855487,6.9186945,8.21073,8.126532,6.286974,7.5140977,6.937268,7.581481,7.1310797,6.138466,7.3805637,7.147996,6.6730146,6.459367,6.1344843,8.241091,7.159205,6.163828,7.0981855,6.620429,9.088373,6.864515,7.280299,7.497688,8.612564,6.915411,7.3557644,7.9076195,6.3550706,8.305994,8.053897,6.9497814,8.451504,6.8864055,6.4313517,7.486313,6.824817,7.455608
-1.2402633,8.346682,10.004211,10.223555,10.186382,10.645688,9.857648,11.3835,9.622491,9.4714,10.55386,9.685473,9.462697,9.99108,9.78358,11.298449,10.6601925,9.549302,10.050459,9.106039,9.941566,10.063926,10.004266,10.575489,9.574022,10.871291,9.690659,9.290469,9.646756,10.111278,9.565327,9.051207,9.482938,9.799775,9.05122,8.835549,10.251772,10.130441,9.804798,9.253797,9.972154,9.535487,10.405199,9.065521,9.137947,9.264224,9.8121605,10.69472,9.857463,10.007135,10.362494,8.892837,9.630173,10.121949,10.347418,11.293041,10.419571,9.646154,11.171678,9.08922,10.368639,9.7227125,10.040815,9.975389,9.90213,10.221432,9.815318,9.559644,9.916221,9.991416,10.213869,10.424387,10.642305,10.292069,10.071401,9.297754,9.92953,10.212283,10.227076,10.142902,9.959687,8.942624,9.63045,9.45266,10.578414,10.555988,9.700405,9.621494,10.821955,9.9548,10.214348,9.28231,9.178381,10.229434,10.234494,11.586466,9.849802,11.199427,9.184895,9.219842,10.693759,9.860363
1.6979488,5.6246295,8.299538,9.332379,8.748321,8.902957,8.370665,7.1750007,7.5853558,9.555896,7.531106,7.965032,9.151672,9.506726,6.5757275,7.7312984,8.114911,9.558255,9.028302,8.973988,7.781129,9.640775,8.474243,8.443667,8.596705,7.677229,6.837859,9.047593,8.885681,7.931852,8.834309,9.173622,8.02533,8.775385,7.81934,9.406182,7.8852797,9.469858,9.305358,9.947264,10.263346,8.278147,8.627229,8.605114,8.722503,8.174754,8.494687,7.67068,8.941182,9.167483,8.028529,9.202779,7.293619,7.706086,9.041192,7.9287524,8.783035,8.685228,8.478777,9.479702,7.2360864,8.680424,8.742151,8.078216,7.661561,9.18586,8.756485,8.543376,9.549763,8.394329,9.4993,8.96194,8.541578,8.160108,8.724805,9.522834,7.866086,8.6832285,9.582366,8.500973,7.9409266,8.492985,10.722135,10.563646,9.294004,8.485362,8.263918,10.467633,7.664073,8.017826,8.912894,10.2193,8.186361,9.298539,9.451706,6.577779,8.688905,7.8701243,11.204556,9.387721,8.040111,9.930825
1.5857925,7.154064,11.4500265,10.276443,9.923102,9.789387,9.526637,10.558122,9.917417,10.803089,9.574153,10.164911,10.149894,10.05364,11.529289,12.222043,11.17115,10.830904,9.115245,9.787134,11.132553,10.239037,9.496812,10.340968,8.962443,9.167015,9.491972,10.520092,9.936461,10.127822,10.583526,9.570991,11.08934,9.983978,9.672778,10.117723,11.493939,10.748223,10.738417,9.399449,8.978996,10.365691,10.115802,9.966075,9.453266,10.099661,10.755822,10.633257,10.458149,10.216294,10.217764,9.989372,10.842629,10.453314,10.631356,11.251905,10.584398,10.282475,9.622724,10.154066,10.232161,10.234182,10.378566,9.810467,10.315505,9.314493,9.585178,11.052232,9.863131,9.722253,10.178962,10.312934,10.71027,9.882217,10.509748,9.756205,10.778078,11.363332,9.378215,10.878376,9.428735,10.208012,9.944798,9.511164,10.752892,10.422352,9.429669,9.586449,10.603282,10.8272915,10.7713585,10.53796,8.867071,11.12458,9.226795,9.830727,10.654983,10.402906,9.455556,9.669583,9.409868,9.95805
1.5983723,6.971265,10.269611,10.975273,9.292167,11.4192705,9.468403,9.749946,9.680532,11.484294,10.407621,10.7610235,10.301787,9.479284,9.022238,8.190875,10.079795,11.044084,9.485961,10.047697,8.777313,10.179831,10.569098,10.221978,10.303298,9.292084,9.33106,10.393584,10.491124,10.380316,10.975788,10.729736,9.515743,9.4076605,10.901193,11.335234,9.402044,10.819919,10.875475,11.005532,11.752237,10.206403,10.25426,10.66753,10.480703,10.357858,11.253651,10.1245165,10.091331,9.620899,9.680737,10.184054,8.746649,10.896587,10.045957,9.951285,10.802919,11.178775,10.338684,10.795471,8.256913,9.698166,10.532863,10.076572,11.089795,10.70216,11.419755,9.002611,10.7254095,9.919768,10.628418,9.349404,9.195545,10.431248,10.9396925,10.575636,9.369397,10.540933,10.496291,10.178003,9.088205,9.232093,12.214631,10.91573,9.553419,10.782415,9.596437,11.864559,8.515058,10.01358,9.805863,11.990315,10.005961,9.915463,9.57401,9.88472,11.440411,7.840682,11.554935,10.829223,10.009005,10.867928
-0.43298322,3.904382,10.285945,9.521532,9.969408,9.952838,9.112068,9.44234,9.72857,9.627921,9.819809,9.800011,9.290535,9.868436,10.122797,9.825937,8.718149,9.34334,10.592398,9.377049,9.667312,10.197943,10.187302,9.855648,8.56798,10.342265,10.098904,9.917957,10.655167,10.689757,10.083933,10.303409,10.2284775,9.520332,10.243042,11.170154,9.269593,10.1581135,10.318309,10.333701,9.821271,9.227501,9.25867,9.55496,9.552097,9.924523,9.569505,9.922996,9.726471,10.106192,9.047486,9.174625,9.181363,9.47953,10.239509,10.480287,9.42207,9.797622,9.650889,9.993539,10.10342,9.973479,10.689908,9.655802,8.78071,9.784912,10.194312,9.433453,8.691621,10.408476,9.948855,9.619316,9.274946,9.663861,10.126922,10.140363,10.14215,10.121051,9.874695,9.818509,9.6314945,9.756588,10.158889,10.211143,9.444261,10.432774,9.718884,10.024152,10.49244,10.505775,10.182606,9.319115,9.622484,9.518325,10.569979,9.829774,10.161047,10.570144,10.2943325,10.360024,9.562525,10.365411
1.1478887,13.852754,10.063028,9.973244,9.383709,9.7768,10.149432,10.433525,10.195848,9.893346,9.982259,10.522181,9.401751,9.441894,10.377456,9.693571,9.188969,9.6081085,10.32006,9.251671,9.250362,11.094582,10.507185,9.305741,10.056388,9.216296,9.701437,10.276923,10.274588,9.786434,10.645304,9.824368,10.087322,8.614639,10.756474,10.072024,10.111873,10.946906,10.622386,10.719889,11.548937,9.677885,9.614044,8.987108,10.088307,9.4056225,10.061272,10.013079,9.538279,9.248124,10.404129,9.603437,8.973172,11.1013,10.256872,8.853027,9.587893,11.138235,9.895902,10.366371,10.7918215,9.981783,11.704294,10.007041,9.526755,9.301786,11.125128,8.822209,10.214726,9.106567,10.65301,10.826113,9.42757,10.609755,9.83702,9.330476,9.423738,9.568207,10.218078,10.078432,11.622559,9.897459,10.612954,11.62105,9.849759,10.030852,9.032699,10.729439,10.2452965,10.312322,10.189139,10.177163,9.744901,9.441753,9.983392,9.608593,9.981839,10.103822,10.116247,11.120258,10.26003,10.850105
0.69372976,16.990992,9.880228,9.4874325,9.320986,9.658575,9.838777,10.133737,9.192558,8.9959545,11.15819,9.626824,9.797869,9.211753,9.9191675,10.119401,10.387807,9.480686,9.222156,9.695134,9.73132,10.026069,9.899893,10.100228,9.585,10.310898,10.187008,11.12988,9.600567,10.585815,10.409316,9.829428,11.078925,10.264098,10.101194,10.325664,10.029503,10.531086,9.620259,9.999547,10.157586,10.354818,9.695117,11.143481,9.973859,10.088143,9.829442,10.552913,9.96305,9.916935,9.84042,9.876918,9.232699,10.686171,9.891188,9.6802,10.268801,9.630009,9.991983,10.215076,9.987907,10.083635,10.518159,10.448394,10.009009,10.286821,9.124739,9.977717,9.309668,9.73768,10.175076,9.497977,10.232972,9.656803,9.794397,9.723501,9.7016945,9.496962,9.560115,10.57181,9.740221,9.978506,9.206567,10.34171,10.824404,9.277759,10.816764,9.887068,10.8824415,9.485002,10.500799,9.74877,9.944415,9.456619,9.712482,9.962279,10.847327,10.127298,9.532356,9.338039,9.641587,10.307526
1.227937,12.724369,9.983287,9.966139,9.607244,10.332398,10.23026,9.696738,9.603445,10.044342,10.096082,9.479159,9.26063,9.535083,9.926826,8.901647,8.986406,9.869663,10.609406,9.111947,8.37081,10.797433,10.069598,9.955931,10.311052,10.488676,10.1357975,10.152634,9.942423,10.184429,10.163481,10.382675,9.380312,9.587246,9.947134,10.167595,9.607741,10.455942,9.220887,10.272384,10.8243685,9.404839,10.610231,9.836426,9.673659,8.872535,9.700113,9.573174,9.506239,10.042985,9.947685,11.444015,9.827664,10.305147,10.732102,9.457662,9.936185,10.148104,8.971516,10.592365,10.346837,10.451693,11.165912,10.904383,10.213009,10.41789,10.937181,9.639952,9.646521,10.312122,9.484218,10.129689,8.58133,9.939955,11.093805,9.950839,9.777617,9.965943,11.574782,10.826053,10.833084,10.995385,11.010949,10.2496,9.717339,10.380759,9.973623,11.117173,9.764082,10.571371,9.597966,9.406929,10.522142,9.806684,10.285,9.028808,9.984682,9.605492,10.771967,11.240009,9.950484,10.499765
0.057639863,10.456529,11.162239,11.576566,10.850008,10.824582,10.7427635,9.549385,9.939747,9.932127,9.651204,10.617523,10.797778,10.081042,10.583143,10.285093,10.566539,10.566668,11.246111,10.490845,10.362626,11.13279,10.86264,10.181762,10.304602,9.867445,10.668573,11.256494,10.394552,11.142234,10.549242,9.8292265,11.527847,10.810577,10.608455,9.774896,10.129387,10.726192,10.354267,9.996586,9.807645,10.912319,10.488917,10.432082,10.287593,10.2327175,10.66062,11.331306,10.10448,10.295837,10.024848,10.900543,10.546564,11.446219,10.315088,9.49488,10.77264,10.471001,10.741789,9.709429,11.016234,10.745128,10.452592,10.301349,10.644909,10.660732,9.213768,9.873396,10.530415,9.840629,10.336517,10.469255,9.980858,10.1911745,11.106161,11.240591,10.962323,10.458455,10.705558,10.060165,10.91285,10.15477,9.989315,11.129643,11.412357,11.045962,11.107444,10.555723,10.228028,10.090014,11.203513,10.786415,10.24761,10.104817,10.610643,10.5389385,10.123546,10.653765,10.217598,10.100675,10.055546,10.220315
-1.6877363,14.947617,11.88327,11.790428,12.292843,11.686236,11.670467,10.806686,11.851078,12.3863945,11.604266,13.1200485,12.748137,12.305956,11.515512,12.5583725,12.110413,12.928088,11.032279,11.943699,12.021194,13.079542,12.429081,12.158132,11.493412,12.254303,11.464629,11.649928,11.989651,11.233302,12.273748,12.286476,11.726297,11.838614,11.805279,14.1017685,11.047426,12.773214,12.475067,12.048775,13.532184,10.745419,13.092125,11.4447775,11.220723,11.713241,12.715113,11.123073,12.919875,11.719473,12.074142,11.76266,11.702492,11.444293,11.9438095,12.504891,11.412681,12.612307,12.436124,12.076887,10.831327,12.121174,12.816524,12.239472,11.824987,11.941884,11.99318,12.435239,12.5767145,11.9985,12.423267,12.201157,11.224638,11.362794,11.954285,12.865818,11.572422,12.242402,12.790798,12.253023,11.34715,12.404352,12.468057,11.463433,12.662613,11.140217,11.074259,13.085563,10.4063635,12.683341,12.581592,14.181568,11.84684,11.198423,13.449848,10.881341,11.783253,12.322478,12.517742,12.068515,12.10563,11.108233
0.46894252,15.912693,10.248033,10.144405,11.694034,10.619291,12.519474,11.427227,11.097584,11.1251955,11.573406,11.122931,11.671688,11.45468,11.010181,11.958692,10.293644,10.962096,10.625588,11.570801,12.291796,10.198155,11.683429,11.248771,12.100994,11.065285,11.295268,12.263269,10.972866,11.384907,11.028103,11.352082,11.923485,10.82783,10.463084,11.852999,10.790373,10.76944,10.39054,10.777274,10.935213,11.735132,11.895346,11.13753,11.373438,11.687438,11.237862,10.530327,10.968711,11.547121,11.065581,11.635033,10.766007,10.636233,11.4525,11.243871,11.337072,11.320779,10.476521,11.721408,11.490547,10.29381,11.474757,10.859979,11.423684,10.493362,10.685228,11.360184,10.520214,11.416945,11.397494,11.967076,12.064454,10.854262,10.604316,12.164978,12.381379,10.665727,10.716598,11.795329,11.943913,11.084843,11.0235615,10.267562,10.179752,11.091386,11.180121,10.981253,11.368186,11.689445,11.385883,10.842673,10.537948,10.453652,10.912314,11.511621,10.705942,11.521124,10.376292,10.953415,10.279664,10.96628
-0.37505564,4.4124064,9.588126,9.105535,9.367229,11.112652,10.331383,10.974903,10.019564,10.71483,11.105047,10.305994,8.619507,9.686395,9.893762,8.099604,10.235705,9.086433,10.301349,9.31005,9.417028,11.093812,10.077201,9.913243,10.777104,11.2397995,9.908174,11.16868,10.167171,10.606114,10.005999,9.588572,10.245099,9.0750065,11.006182,10.930894,10.8350725,10.188135,9.683863,9.947556,10.263664,9.751177,10.640375,10.474208,10.719087,9.863211,10.817991,10.198256,9.635784,9.688205,10.437566,10.227784,10.269548,10.162787,10.152104,8.9585905,9.426286,10.053223,9.771228,10.461018,10.457879,11.495704,9.064829,10.27089,9.529297,9.79526,10.014983,8.544631,10.642543,9.650265,9.591708,10.3616495,9.7501955,10.71911,9.215698,9.770397,9.213168,9.730325,10.899208,10.1342945,10.584272,9.626632,11.560845,10.860246,9.423501,10.380746,9.849958,8.231314,9.627407,10.153065,9.705304,9.410922,9.743601,9.86945,9.27947,10.3448515,9.816212,10.794016,10.385528,11.032979,9.962916,10.482814
0.068681024,10.632752,11.10758,11.311854,10.476592,10.843811,11.105828,10.296664,10.875315,10.514377,10.167419,10.982273,10.435738,11.413797,9.893591,10.81365,10.492865,10.809932,11.268166,11.940357,10.373135,10.390178,10.931189,10.23276,11.067761,10.349983,11.061955,11.231201,9.769611,10.37727,10.4131,10.824227,11.336935,11.257244,9.78565,10.305372,10.525199,11.2057905,11.168458,10.290273,10.169443,10.533444,11.420067,10.781472,11.571441,10.672204,10.554243,10.327207,9.950112,10.823531,10.678365,11.290914,10.580056,10.1374445,9.935591,9.9597845,11.756102,10.70029,11.878818,10.330555,10.958848,10.461404,10.712662,11.500369,10.565789,9.997059,10.51671,10.540677,10.965079,10.475359,10.985131,10.747267,9.905673,9.81259,10.029477,11.137564,10.597942,10.407894,10.824005,10.031546,10.40396,10.382183,10.518005,11.274123,10.651011,9.548034,10.645687,11.563991,10.0685835,10.9403305,11.153639,11.119746,10.041495,10.577679,10.345329,10.154816,10.319759,10.420211,11.771461,10.446316,10.858032,10.37332
-0.2777213,5.4811935,9.24431,9.831651,8.481801,9.3668375,9.244638,9.799608,8.551974,9.956106,8.823269,8.615286,10.337882,9.701837,8.153851,8.484199,8.975574,8.897531,9.430081,9.71616,9.3571415,9.273475,9.708507,9.854893,9.420489,9.227364,9.4668255,9.392315,8.837854,9.559408,9.643246,10.171648,10.346778,9.551256,9.502054,9.4388075,10.077547,8.748893,9.8299885,8.092521,9.25078,9.459244,9.804475,9.595953,9.817973,9.023722,9.149687,9.494676,9.652669,9.540562,9.286929,10.011568,9.964323,9.729837,9.918077,9.252912,8.999216,9.104343,9.250988,9.621748,9.320835,8.950399,9.773421,9.475344,9.622734,9.112644,9.972411,8.665012,9.327162,9.275253,9.569167,9.169457,10.376261,9.653963,9.075038,9.164361,7.8325324,9.178478,9.611888,9.569249,8.942252,9.359602,10.008188,9.711437,8.737429,9.225335,9.362007,8.6717005,9.751948,10.509158,9.017741,8.853708,9.265145,9.0060625,9.900874,8.963574,9.595192,8.176838,8.484015,9.974474,10.000664,9.23338
0.76430094,16.957182,9.642269,10.732596,9.9062805,10.30533,10.089425,10.975933,10.742773,9.490634,10.093704,9.57349,9.843031,9.446519,11.059502,11.270885,10.248189,10.902081,10.681193,10.920182,11.348676,9.07922,9.711418,9.681316,10.429229,10.674792,10.498798,10.702978,9.688342,10.550529,9.2603855,9.6905775,10.732555,11.254854,9.886708,10.386405,10.681298,10.875817,10.528151,10.283388,9.213981,9.799042,10.693002,10.626089,9.799043,10.106847,10.170992,11.200098,9.605516,10.901952,10.852777,10.004658,10.390127,10.282292,10.016051,10.512761,10.319446,10.259968,10.4451,11.003766,10.551816,9.236557,11.034107,10.23116,10.188888,10.362085,10.964869,10.543332,11.288944,11.371623,9.7052765,11.148738,10.147285,10.224487,9.447358,10.815707,10.213126,10.081079,8.842261,10.293221,10.983601,9.565738,9.497955,9.911695,8.877139,8.8549385,9.953591,10.7438545,10.05435,9.020088,11.100001,9.785811,9.906984,11.398776,9.564683,11.289676,10.884842,10.42701,10.109123,9.268183,10.581701,10.99677
1.1500919,13.8232565,10.800371,10.863805,10.27759,10.149503,9.989074,10.261903,10.20253,10.887342,11.591338,10.175648,10.342694,9.953276,10.41888,10.691465,10.338084,11.0387745,10.31556,10.548198,9.927126,9.915959,11.27179,11.101946,11.228417,10.172295,10.630549,10.733548,10.145557,10.25068,10.455994,11.000931,11.132606,11.21026,9.937745,11.109769,10.489533,10.616429,9.990718,10.574801,11.715167,10.051312,10.81538,10.894597,11.263354,11.041381,10.42433,10.7671995,11.2951765,11.044511,10.259731,11.6426525,10.528254,11.164051,11.235842,11.069488,11.448587,10.292667,10.338151,9.906731,9.98439,10.439428,10.531403,10.2647915,10.8671465,10.259079,10.389211,10.700394,10.471737,10.286916,11.179024,10.628588,11.282995,10.477729,10.66729,10.989942,12.032585,10.2338,11.237175,10.44998,9.648175,10.847464,10.262305,11.259271,11.420387,10.558547,10.826922,11.164271,10.495866,10.711505,10.662417,11.226212,10.62847,11.0928135,10.465755,10.333431,11.63867,10.473113,11.888559,10.694362,10.700535,11.194901
-0.3306486,4.868702,10.979168,10.426596,10.462902,10.81532,10.362571,11.716904,10.4618,9.314729,10.61109,10.704215,10.246705,10.762186,9.612382,9.581664,10.238431,11.358779,10.747611,10.429437,9.547591,10.983723,10.885328,11.397482,10.685548,10.802182,10.986978,11.042443,10.0254345,10.432731,10.758647,9.855901,11.257433,10.0348215,10.765244,10.301468,11.320258,10.194662,10.081529,10.518421,10.042031,10.501572,10.356728,10.056535,9.501789,10.555501,10.701603,10.727646,10.418911,8.987687,10.472031,9.780258,11.349442,10.731739,10.308319,9.620182,10.99157,10.168768,10.151567,10.99026,11.10799,10.345794,10.231873,11.61768,11.523917,11.009077,11.58329,10.842811,10.737607,10.691353,10.677973,10.812318,10.742512,10.404416,10.420266,10.933137,11.141487,11.177641,11.571826,10.951816,11.533424,10.62246,10.582027,10.986027,11.551828,10.732124,11.158073,10.066269,10.718812,11.349403,10.461855,10.569817,11.236735,10.459839,10.735244,9.639856,10.10132,10.611322,11.084782,11.293011,11.13583,10.191507
-0.96287334,4.6368275,12.742921,11.876314,10.259492,11.764977,11.726253,11.871093,12.235201,11.279111,11.1686535,11.536676,11.869877,11.426288,12.210603,11.7062645,11.796648,12.453953,11.192819,11.443781,11.405852,11.909597,10.869839,11.785117,11.09332,11.783885,12.485758,11.825636,11.655433,11.637145,11.710985,12.319753,12.022989,11.886015,11.516397,10.758517,11.776389,11.055153,11.275762,11.464935,12.5634365,11.560269,12.14263,11.442737,11.2172,11.079896,12.368148,12.026824,11.832788,11.762737,11.834522,11.672691,11.745332,11.267178,11.518765,11.2490835,11.9077425,11.60383,11.683803,11.206938,11.348727,12.125498,11.301729,11.911286,12.469965,11.389926,13.002662,11.299076,11.132588,11.302989,11.672057,11.764384,11.9091215,12.794266,10.565681,11.777571,12.642033,11.858346,11.968235,11.362252,11.134523,11.490911,11.413404,10.986863,12.104529,11.861466,12.123726,12.926937,11.038963,12.075891,12.67809,11.687894,11.954285,12.510307,11.553888,11.765209,12.011468,11.54908,11.4111,12.210559,11.680644,12.187445
