0,0,0,0,1,2,3,4,5,6,7,8,9,10,11,12,13,14,15,16,17,18,19,20,21,22,23,24,25,26,27,28,29,30,31,32,33,34,35,36,37,38,39,40,41,42,43,44,45,46,47,48,49,50,51,52,53,54,55,56,57,58,59,60,61,62,63,64,65,66,67,68,69,70,71,72,73,74,75,76,77,78,79,80,81,82,83,84,85,86,87,88,89,90,91,92,93,94,95,96,97,98,99
-1.7412751,-0.9696578,15.297618,11.0778475,11.157845,11.120409,11.123023,11.141604,11.161152,11.15787,11.184614,11.150665,11.173989,11.11365,11.157551,11.119732,11.041068,11.203635,11.186233,11.093715,11.175375,11.077362,11.151476,11.10754,11.1393795,11.150837,11.121028,11.145299,11.130009,11.132749,11.1350975,11.141261,11.146654,11.101392,11.121587,11.138977,11.168326,11.146233,11.113078,11.130387,11.110703,11.15189,11.146977,11.179438,11.107743,11.107371,11.151045,11.163977,11.122572,11.12984,11.138058,11.125048,11.164098,11.109808,11.150305,11.081456,11.14631,11.109663,11.164057,11.127177,11.123697,11.16468,11.069691,11.115254,11.135555,11.133058,11.126154,11.174203,11.155977,11.172315,11.165171,11.130838,11.199997,11.142094,11.125935,11.110988,11.115598,11.115008,11.119845,11.146341,11.104061,11.13809,11.154554,11.134348,11.164871,11.152241,11.124943,11.170524,11.111892,11.130621,11.146353,11.114085,11.161773,11.173447,11.132828,11.122436,11.091246,11.087574,11.1000805,11.113537,11.2077875,11.133941,11.061244
-1.6976125,0.84858257,14.8143635,10.6205,10.552282,10.584146,10.521713,10.572011,10.445003,10.603839,10.524273,10.552988,10.550749,10.528589,10.494228,10.545975,10.578249,10.571472,10.5909605,10.530502,10.6648,10.598498,10.530182,10.609427,10.570332,10.630166,10.548566,10.556414,10.485567,10.609381,10.56679,10.605213,10.603001,10.560567,10.531292,10.534313,10.631532,10.538279,10.575465,10.505567,10.539029,10.564786,10.576675,10.5646515,10.513835,10.610208,10.570346,10.537627,10.573217,10.500025,10.519172,10.502006,10.549482,10.547526,10.597802,10.63887,10.573553,10.570522,10.573866,10.567961,10.557352,10.5094185,10.577625,10.559338,10.633075,10.55552,10.576367,10.575623,10.523788,10.583906,10.604223,10.558657,10.560169,10.587844,10.564874,10.543708,10.559875,10.547079,10.611704,10.57018,10.626157,10.546627,10.623766,10.571674,10.529523,10.552839,10.526272,10.519994,10.574982,10.561081,10.511576,10.4498415,10.584344,10.527906,10.534458,10.574132,10.533495,10.5768795,10.611664,10.574732,10.574398,10.623903,10.595974
-1.6539497,1.105646,14.283005,10.595472,10.478772,10.550647,10.461307,10.521034,10.390228,10.549908,10.502097,10.507067,10.472463,10.491024,10.4140005,10.480759,10.546731,10.495172,10.518229,10.461475,10.625968,10.572623,10.462716,10.555095,10.526346,10.608219,10.509049,10.487322,10.422165,10.576359,10.527949,10.572281,10.577051,10.524155,10.457956,10.4618845,10.600454,10.487226,10.511336,10.42869,10.46955,10.527458,10.527454,10.499427,10.44779,10.570338,10.530903,10.498515,10.51525,10.422116,10.451819,10.447416,10.475334,10.479315,10.534347,10.619152,10.535597,10.505394,10.536306,10.502747,10.488941,10.432402,10.545195,10.4997425,10.601073,10.518248,10.541357,10.510763,10.479358,10.524382,10.572689,10.525,10.519012,10.524342,10.526251,10.508763,10.515229,10.483839,10.58082,10.538224,10.607217,10.513627,10.560253,10.506239,10.469266,10.513888,10.469045,10.482986,10.518627,10.512446,10.437044,10.369439,10.518087,10.445378,10.486021,10.5096035,10.466824,10.536446,10.583657,10.539052,10.496683,10.59567,10.571135
-1.6102871,-0.82124114,13.708853,11.061553,11.12666,11.092434,11.093807,11.114798,11.130589,11.128115,11.1506405,11.126926,11.152199,11.079574,11.120889,11.092324,11.022473,11.172038,11.161289,11.072662,11.145146,11.051518,11.127509,11.078264,11.121502,11.131912,11.098071,11.123729,11.1107235,11.112877,11.10939,11.111341,11.1169405,11.085379,11.098657,11.114162,11.14841,11.120632,11.079875,11.099014,11.077549,11.133132,11.116018,11.149919,11.081589,11.081323,11.139477,11.130156,11.100892,11.097566,11.124516,11.094185,11.127925,11.084956,11.117781,11.061351,11.113464,11.084287,11.132164,11.102566,11.090784,11.135437,11.037357,11.100515,11.1128235,11.103367,11.096386,11.155027,11.120483,11.146908,11.136777,11.093352,11.172589,11.110334,11.095305,11.082556,11.099644,11.087211,11.097678,11.105722,11.084971,11.107101,11.137407,11.108597,11.13203,11.137603,11.099932,11.148793,11.086219,11.1085205,11.115204,11.074785,11.120609,11.14667,11.108147,11.094149,11.071131,11.0674925,11.074976,11.085333,11.173935,11.103419,11.052455
-1.5666244,0.5631803,13.097643,10.67355,10.633897,10.6522045,10.601776,10.648132,10.547563,10.679088,10.594019,10.635449,10.637665,10.589071,10.583301,10.623255,10.638117,10.656184,10.671711,10.607139,10.731814,10.657874,10.618713,10.669749,10.64741,10.663721,10.616222,10.633122,10.576478,10.67732,10.641252,10.670457,10.665023,10.632378,10.612713,10.61854,10.684162,10.619185,10.646664,10.590919,10.616167,10.637195,10.65135,10.648217,10.596366,10.673205,10.638559,10.617712,10.648767,10.586522,10.607941,10.587447,10.631804,10.623259,10.668253,10.674735,10.647398,10.64283,10.638242,10.6414995,10.633305,10.596873,10.64083,10.636254,10.697946,10.625029,10.644782,10.656463,10.604824,10.664026,10.650388,10.632759,10.63972,10.658346,10.639033,10.60717,10.633597,10.623327,10.667234,10.638075,10.654809,10.616745,10.694252,10.644322,10.617228,10.620872,10.608769,10.610559,10.645967,10.637345,10.600134,10.539107,10.657802,10.619532,10.616306,10.645774,10.61148,10.644971,10.666353,10.645223,10.66068,10.6824,10.6473465
-1.5229617,-0.3899916,12.4554825,10.93535,10.958498,10.945086,10.921953,10.957301,10.941688,10.980022,10.962876,10.967175,10.97467,10.906075,10.931627,10.930956,10.886841,10.993704,10.992246,10.909841,11.007697,10.914416,10.961093,10.926162,10.964375,10.976917,10.932176,10.946243,10.927959,10.955611,10.94675,10.958645,10.956946,10.926191,10.94137,10.947669,10.988182,10.944188,10.932762,10.924395,10.922032,10.971557,10.953939,10.975777,10.92358,10.935404,10.959701,10.960337,10.948561,10.92505,10.954027,10.921203,10.960083,10.9267435,10.95745,10.931935,10.949799,10.940953,10.955735,10.9410305,10.94101,10.946165,10.902351,10.950723,10.968785,10.93596,10.937561,10.978214,10.945592,10.98445,10.975971,10.935939,10.994496,10.945452,10.933508,10.924057,10.931369,10.928709,10.954993,10.943076,10.938069,10.935894,10.984041,10.934231,10.9605255,10.964864,10.933349,10.959915,10.937064,10.945835,10.944117,10.892234,10.958908,10.972464,10.939796,10.937327,10.91832,10.919333,10.945725,10.937927,10.998026,10.948885,10.913031
-1.4792991,-0.31846985,11.788788,10.910113,10.928572,10.916319,10.891984,10.927947,10.905648,10.95123,10.92871,10.936415,10.9436655,10.877468,10.899082,10.902078,10.861963,10.961806,10.961786,10.880758,10.981343,10.888575,10.928848,10.900572,10.935043,10.947012,10.901829,10.916734,10.895951,10.930273,10.918413,10.929586,10.929749,10.898456,10.910469,10.916394,10.959966,10.913718,10.905534,10.894039,10.89265,10.940188,10.925201,10.945655,10.8924265,10.909962,10.929897,10.928164,10.920076,10.893783,10.92219,10.889325,10.928788,10.898098,10.928725,10.908374,10.92178,10.911863,10.925363,10.912167,10.912293,10.912458,10.876475,10.921741,10.941956,10.906121,10.910603,10.947901,10.914609,10.954991,10.946476,10.908043,10.960903,10.916884,10.905209,10.894406,10.903163,10.900438,10.928292,10.91388,10.911197,10.906421,10.955827,10.906459,10.929501,10.932883,10.903663,10.92814,10.909948,10.915833,10.911691,10.859601,10.930207,10.941341,10.908536,10.91046,10.889425,10.893982,10.918734,10.911437,10.966093,10.921441,10.887667
-1.4356364,-0.6442742,11.104219,11.020118,11.066711,11.040917,11.024062,11.061767,11.065536,11.078576,11.085768,11.0703535,11.085823,11.011409,11.045434,11.032929,10.973011,11.104405,11.09697,11.012519,11.101241,10.999875,11.069908,11.013319,11.072285,11.0806875,11.035446,11.054421,11.04543,11.053966,11.04359,11.059844,11.058687,11.027893,11.047855,11.059075,11.090271,11.052226,11.029826,11.033026,11.02568,11.080968,11.056524,11.083857,11.028605,11.026539,11.066538,11.06707,11.04794,11.036339,11.064288,11.031126,11.06567,11.028008,11.057166,11.017395,11.051277,11.035187,11.063722,11.043282,11.031211,11.064138,10.990568,11.048502,11.059524,11.039053,11.033756,11.089267,11.055337,11.0890045,11.079079,11.035771,11.111795,11.044603,11.033526,11.027862,11.036623,11.033269,11.047807,11.045416,11.031049,11.046054,11.08264,11.037564,11.066116,11.076166,11.038146,11.079994,11.033388,11.052653,11.052878,11.008442,11.057253,11.083908,11.047164,11.033208,11.016611,11.009872,11.032457,11.03639,11.1083,11.044362,11.008053
-1.3919737,1.7326682,10.408619,10.596416,10.3345585,10.515724,10.405037,10.468771,10.311892,10.483273,10.467865,10.462328,10.340041,10.465318,10.312345,10.422022,10.533508,10.398574,10.395488,10.367593,10.616755,10.535447,10.342748,10.478635,10.47902,10.618371,10.47765,10.389909,10.346039,10.548636,10.487251,10.557056,10.568779,10.484139,10.352827,10.36163,10.599334,10.441236,10.4278,10.34688,10.398717,10.498809,10.494916,10.427957,10.393,10.555073,10.505447,10.461366,10.457134,10.324995,10.390629,10.394364,10.404662,10.369969,10.489695,10.632445,10.51143,10.449505,10.513535,10.444044,10.36574,10.331825,10.5338125,10.441681,10.583322,10.477137,10.5166445,10.461208,10.437869,10.482975,10.566439,10.504158,10.47883,10.423655,10.489158,10.492176,10.489563,10.427116,10.57083,10.517911,10.627236,10.488063,10.476327,10.4155,10.40921,10.486663,10.420596,10.434013,10.488995,10.478415,10.327124,10.289362,10.454372,10.352867,10.436719,10.437433,10.417224,10.508726,10.560174,10.519638,10.376472,10.590385,10.557388
-1.348311,0.6525134,9.708936,10.653606,10.608351,10.630026,10.576716,10.624306,10.51546,10.655534,10.564726,10.609463,10.610459,10.564061,10.555421,10.599066,10.619378,10.629668,10.646436,10.583151,10.710838,10.639005,10.591002,10.650868,10.623394,10.650732,10.59155,10.609112,10.548022,10.6560545,10.6175,10.648377,10.642429,10.609439,10.587228,10.592176,10.660901,10.593861,10.624378,10.564202,10.592023,10.610805,10.627976,10.622061,10.570534,10.653487,10.613717,10.590512,10.625119,10.559448,10.580155,10.560703,10.606037,10.599553,10.646201,10.655204,10.623847,10.620197,10.6137495,10.618482,10.609531,10.569616,10.621046,10.612179,10.677641,10.60134,10.62203,10.631159,10.578092,10.6389475,10.630551,10.609497,10.612253,10.636278,10.615821,10.582594,10.610563,10.599461,10.644892,10.613875,10.642779,10.591438,10.672209,10.621583,10.589775,10.593811,10.582947,10.582212,10.62378,10.613474,10.572414,10.511167,10.63488,10.590853,10.590688,10.623349,10.58707,10.623658,10.645161,10.622873,10.633673,10.661938,10.627184
-1.3046484,1.1779432,9.01216,10.58915,10.458097,10.541225,10.451544,10.509382,10.381196,10.538101,10.49815,10.49911,10.450445,10.483656,10.39759,10.467783,10.539233,10.473713,10.498198,10.442062,10.624906,10.565346,10.448428,10.539815,10.514692,10.60939,10.50299,10.467891,10.41056,10.567148,10.517026,10.56508,10.5760975,10.513914,10.442142,10.448481,10.599796,10.478215,10.49398,10.409172,10.451505,10.524155,10.523703,10.485018,10.441473,10.56171,10.527952,10.494231,10.50296,10.406126,10.444764,10.441299,10.45827,10.463662,10.52157,10.615165,10.53281,10.491925,10.530785,10.490359,10.469701,10.41796,10.538534,10.486999,10.592622,10.507764,10.531533,10.50505,10.474573,10.519607,10.571968,10.522597,10.514379,10.506482,10.515525,10.50685,10.51227,10.471018,10.576568,10.535882,10.609526,10.510679,10.542391,10.487835,10.459669,10.510749,10.463236,10.47734,10.515211,10.506031,10.422152,10.356887,10.499453,10.4284115,10.474152,10.491456,10.461104,10.526969,10.575781,10.534391,10.480642,10.587809,10.564148
-1.2609857,0.45394203,8.325254,10.697937,10.665135,10.679324,10.63224,10.677268,10.586438,10.70789,10.62961,10.667227,10.670933,10.619656,10.6173935,10.652684,10.660911,10.688607,10.702619,10.636229,10.757463,10.680877,10.652209,10.692456,10.676777,10.693749,10.646394,10.662482,10.610957,10.703324,10.670295,10.697153,10.692305,10.660428,10.643877,10.650778,10.712606,10.649949,10.673915,10.623471,10.645669,10.669465,10.679932,10.6802025,10.627955,10.697318,10.668779,10.650786,10.677684,10.61963,10.641912,10.620151,10.663092,10.652245,10.695218,10.698618,10.675973,10.6703205,10.668192,10.669647,10.662226,10.630081,10.665022,10.665694,10.722432,10.653996,10.672605,10.687405,10.637415,10.694693,10.682063,10.661191,10.673307,10.684918,10.667418,10.637223,10.661359,10.652148,10.694555,10.667667,10.681716,10.64769,10.720804,10.671825,10.650796,10.653962,10.64014,10.645045,10.672842,10.666277,10.63403,10.572931,10.685662,10.654602,10.647634,10.673176,10.641176,10.67101,10.692268,10.672552,10.693686,10.706957,10.672
-1.217323,-0.7262057,7.655083,11.04213,11.095978,11.068808,11.0545225,11.088124,11.098433,11.104744,11.119686,11.097698,11.1211195,11.042855,11.082118,11.062847,10.99957,11.134019,11.125607,11.04409,11.123709,11.022663,11.100172,11.042803,11.099894,11.107002,11.065643,11.090007,11.077367,11.083511,11.074225,11.086765,11.086503,11.053747,11.074725,11.090326,11.116558,11.08543,11.05794,11.063217,11.056036,11.108741,11.085675,11.117687,11.0536175,11.054086,11.099933,11.097358,11.075711,11.066479,11.097464,11.060773,11.096155,11.054886,11.0865965,11.037765,11.085853,11.059693,11.098461,11.072204,11.059424,11.099825,11.01453,11.076323,11.087841,11.070724,11.061919,11.122142,11.090024,11.120798,11.106821,11.066741,11.143957,11.076664,11.065094,11.056897,11.070012,11.061609,11.073065,11.073932,11.058802,11.077153,11.111442,11.073427,11.097035,11.107705,11.071111,11.1158,11.057384,11.081255,11.08407,11.042187,11.0872345,11.116477,11.079301,11.06202,11.043553,11.037509,11.055261,11.061404,11.142209,11.074699,11.033566
-1.1736604,-1.5704492,7.008341,11.010223,11.148168,11.085753,11.117393,11.107449,11.149351,11.1281595,11.18949,11.09012,11.12364,11.111277,11.154588,11.077231,10.993953,11.173282,11.164907,11.0645685,11.151177,11.04681,11.097047,11.094124,11.070494,11.062918,11.121513,11.108972,11.07001,11.108425,11.0970955,11.081881,11.127056,11.068161,11.058584,11.091218,11.121893,11.144789,11.132136,11.134927,11.061509,11.091779,11.088701,11.141645,11.0722475,11.091327,11.106068,11.133807,11.087997,11.118964,11.078005,11.119751,11.124503,11.06933,11.166786,11.017929,11.135262,11.084597,11.143291,11.112095,11.13114,11.162198,11.051323,11.031666,11.086531,11.142918,11.126716,11.138228,11.151442,11.118099,11.15278,11.16992,11.158175,11.11319,11.1058855,11.113133,11.047484,11.059068,11.064172,11.140142,11.081657,11.115537,11.0822115,11.13283,11.177382,11.063771,11.089779,11.137083,11.08852,11.080247,11.109734,11.126275,11.134768,11.112761,11.114659,11.070489,11.076113,11.024168,11.042774,11.039155,11.191398,11.102262,10.959952
-1.1299976,-0.8690234,6.3914905,11.065184,11.1347475,11.098615,11.104553,11.120227,11.13862,11.137583,11.159399,11.13255,11.15785,11.090189,11.131539,11.101434,11.026256,11.18196,11.16811,11.077982,11.1515,11.056486,11.135131,11.085574,11.129857,11.13765,11.103179,11.126511,11.117726,11.118301,11.117123,11.118466,11.125353,11.089997,11.106432,11.122176,11.154449,11.126934,11.086112,11.10777,11.083876,11.138881,11.123549,11.161184,11.087689,11.088075,11.141425,11.140667,11.109155,11.106908,11.128977,11.104359,11.139405,11.08962,11.12409,11.065526,11.121737,11.090456,11.14025,11.108936,11.099178,11.142298,11.048447,11.103836,11.115376,11.110135,11.104193,11.161069,11.131151,11.154214,11.145469,11.1043625,11.181473,11.117191,11.104212,11.088663,11.102497,11.09432,11.102775,11.115825,11.086575,11.116159,11.14418,11.116396,11.140529,11.143691,11.107711,11.156513,11.093334,11.112307,11.125595,11.082618,11.1318445,11.15657,11.113582,11.101074,11.077595,11.0728,11.08002,11.092123,11.183623,11.110659,11.054682
-1.086335,0.6754805,5.810695,10.6484785,10.601784,10.624324,10.570273,10.61818,10.507207,10.649479,10.557165,10.602781,10.603465,10.5576315,10.548252,10.592847,10.61456,10.622851,10.639937,10.576983,10.705445,10.634153,10.583878,10.646014,10.617193,10.648323,10.585207,10.60294,10.540706,10.650587,10.611394,10.642701,10.636621,10.603541,10.580676,10.585399,10.654921,10.587351,10.618649,10.557334,10.585815,10.60402,10.621967,10.615335,10.563892,10.648417,10.607296,10.583519,10.61904,10.552487,10.573012,10.553827,10.599412,10.593459,10.6405325,10.652148,10.617792,10.614378,10.607452,10.612564,10.603419,10.562565,10.61596,10.605989,10.6724205,10.595249,10.61618,10.624654,10.571191,10.632501,10.627467,10.603517,10.605192,10.630605,10.609853,10.576275,10.604626,10.593325,10.639147,10.607654,10.640832,10.584932,10.666533,10.615737,10.582718,10.586854,10.576308,10.5749235,10.618064,10.607337,10.565289,10.5039835,10.628961,10.583479,10.584101,10.617584,10.580794,10.618178,10.639712,10.617127,10.626729,10.656677,10.622001
-1.0426723,-0.6525345,5.2717576,11.022165,11.069437,11.043426,11.027032,11.064383,11.068543,11.081011,11.089191,11.0729475,11.088963,11.014461,11.049046,11.036056,10.975392,11.107072,11.099492,11.0154505,11.103419,11.002023,11.072668,11.015946,11.074995,11.083152,11.038404,11.057768,11.048703,11.056917,11.046695,11.062277,11.06121,11.030168,11.0505905,11.062346,11.0926485,11.055289,11.032518,11.035949,11.028568,11.083638,11.059258,11.086977,11.030962,11.029119,11.070067,11.070175,11.050964,11.039164,11.067583,11.033845,11.0686035,11.030351,11.059883,11.019278,11.054562,11.0375805,11.066949,11.046138,11.0337925,11.06773,10.992932,11.050964,11.062246,11.042346,11.036195,11.0926075,11.058561,11.091883,11.081548,11.03832,11.114916,11.047619,11.036565,11.03065,11.039628,11.035831,11.050096,11.048132,11.033857,11.04934,11.085652,11.040455,11.068675,11.078859,11.041224,11.083326,11.036,11.055343,11.056212,11.011646,11.060037,11.087073,11.05028,11.036052,11.019342,11.012613,11.034617,11.038837,11.111336,11.047507,11.010629
-0.9990096,-0.44833732,4.7800636,10.956196,10.98489,10.968642,10.946228,10.9825325,10.971932,11.003511,10.992279,10.992372,11.001355,10.931011,10.9596615,10.95459,10.908283,11.019827,11.0179,10.93317,11.031242,10.935452,10.987701,10.946288,10.990199,11.000237,10.955885,10.971095,10.955493,10.97838,10.970514,10.983526,10.980581,10.949908,10.966883,10.973632,11.012669,10.969795,10.955707,10.950402,10.94619,10.996634,10.977621,11.000566,10.949011,10.956495,10.984738,10.986583,10.97153,10.951208,10.979756,10.948481,10.985228,10.951753,10.980375,10.9524355,10.973889,10.9647665,10.981803,10.965503,10.964475,10.973608,10.923248,10.974373,10.990109,10.9603,10.961119,11.00425,10.971419,11.009549,11.001239,10.959992,11.021475,10.968552,10.956546,10.948182,10.955635,10.953954,10.977408,10.967572,10.960619,10.960751,11.00705,10.957986,10.986343,10.992616,10.958346,10.987753,10.959465,10.970836,10.969986,10.91989,10.983225,10.999411,10.96478,10.959185,10.9420595,10.9418955,10.967479,10.9605055,11.024878,10.972061,10.934255
-0.95534694,-0.14434205,4.340525,10.851873,10.85595,10.850108,10.822667,10.859754,10.820923,10.884718,10.848392,10.864487,10.868788,10.8090515,10.823149,10.835128,10.804616,10.886939,10.890176,10.812093,10.918512,10.829839,10.852952,10.841979,10.865855,10.878389,10.831035,10.846873,10.819142,10.869289,10.851064,10.862697,10.864525,10.832284,10.839157,10.843533,10.892713,10.8421135,10.841482,10.821543,10.824511,10.866906,10.8577,10.874617,10.820445,10.851299,10.859084,10.853673,10.853821,10.819653,10.848335,10.813982,10.855656,10.830643,10.861334,10.850651,10.854897,10.844725,10.854442,10.845773,10.843604,10.834153,10.816433,10.853974,10.880201,10.836818,10.844971,10.87567,10.84239,10.885878,10.876332,10.840259,10.88237,10.8509865,10.838912,10.824946,10.834714,10.832402,10.863844,10.844673,10.8472595,10.836751,10.890303,10.842365,10.855696,10.857608,10.833638,10.851801,10.845514,10.844701,10.836153,10.783129,10.864313,10.865419,10.836274,10.8473015,10.821709,10.833839,10.856515,10.846942,10.891241,10.859083,10.827871
-0.9116842,0.4955429,3.9575346,10.688649,10.653239,10.668996,10.62075,10.666172,10.571652,10.696921,10.6160555,10.655125,10.658263,10.608008,10.60441,10.641569,10.652305,10.676259,10.690847,10.6252775,10.747696,10.67216,10.639521,10.683818,10.665593,10.682314,10.634904,10.651301,10.597883,10.693421,10.659234,10.686995,10.681994,10.649746,10.6320095,10.638501,10.701774,10.638329,10.663537,10.611146,10.634448,10.657176,10.669047,10.668021,10.615925,10.688135,10.65727,10.638301,10.666672,10.607021,10.628979,10.607697,10.651247,10.641206,10.684949,10.689522,10.665211,10.659882,10.656786,10.658928,10.651284,10.6174345,10.655808,10.654483,10.713116,10.642965,10.662009,10.675621,10.625004,10.683014,10.67,10.6503725,10.660517,10.6748085,10.656608,10.625778,10.650786,10.641215,10.684151,10.656398,10.671571,10.635905,10.710692,10.661375,10.638012,10.64136,10.628262,10.632023,10.662607,10.655272,10.621121,10.560114,10.675052,10.641246,10.635703,10.662752,10.629962,10.661108,10.6824,10.662145,10.681128,10.697618,10.662611
-0.8680216,0.907098,3.634918,10.614803,10.535549,10.57652,10.505298,10.556404,10.423975,10.58841,10.513217,10.542535,10.532928,10.520039,10.475966,10.53013,10.567323,10.554104,10.574405,10.51479,10.651059,10.592608,10.512031,10.59706,10.558351,10.624028,10.539571,10.540687,10.4669285,10.601657,10.557948,10.597717,10.59558,10.5522785,10.514599,10.517044,10.624457,10.522772,10.560867,10.488068,10.523213,10.555017,10.561364,10.547519,10.496914,10.597292,10.561368,10.526945,10.557728,10.48229,10.500971,10.484488,10.532604,10.532,10.583358,10.634381,10.564697,10.5556965,10.565317,10.552884,10.5417795,10.491452,10.567652,10.543568,10.624284,10.547036,10.568398,10.559048,10.513104,10.567479,10.596366,10.550084,10.549197,10.573389,10.555708,10.535258,10.544783,10.5314455,10.604674,10.561587,10.621197,10.537386,10.609308,10.556779,10.511541,10.542925,10.509357,10.506966,10.560418,10.545445,10.493419,10.43154,10.569262,10.509121,10.521371,10.559443,10.517506,10.562919,10.605289,10.56661,10.556707,10.617476,10.59032
-0.8243589,-0.34014845,3.3758993,10.917423,10.9376135,10.924901,10.9007845,10.936516,10.916573,10.959957,10.938709,10.945648,10.952974,10.885986,10.908965,10.910602,10.869168,10.971378,10.971019,10.889307,10.989165,10.896407,10.9386215,10.908328,10.943658,10.956083,10.911027,10.925431,10.905514,10.937866,10.926798,10.938346,10.937869,10.906694,10.919677,10.925606,10.968339,10.922721,10.913508,10.903065,10.901395,10.949697,10.933661,10.954499,10.901844,10.917512,10.938714,10.937916,10.92849,10.903011,10.931764,10.8987055,10.938273,10.906496,10.937431,10.91555,10.930106,10.920681,10.934193,10.920819,10.920845,10.922675,10.884319,10.930543,10.949993,10.915166,10.918774,10.956894,10.924,10.963927,10.955209,10.916482,10.971102,10.925323,10.913463,10.903406,10.911684,10.908909,10.9362755,10.922496,10.919157,10.915095,10.963985,10.91482,10.938689,10.942255,10.912381,10.937644,10.917971,10.924689,10.921519,10.869265,10.938547,10.950732,10.917936,10.918604,10.89819,10.901469,10.926655,10.919466,10.975569,10.929229,10.895111
-0.7806962,1.0490084,3.1830666,10.6009865,10.494968,10.558027,10.471077,10.530162,10.397305,10.559157,10.505189,10.517184,10.489711,10.499301,10.431677,10.491704,10.552606,10.511983,10.534253,10.476684,10.629587,10.578324,10.47391,10.567066,10.535476,10.609143,10.5177555,10.502544,10.433968,10.583576,10.536507,10.579536,10.577799,10.532177,10.474113,10.475164,10.607302,10.497366,10.525465,10.445628,10.484858,10.531327,10.531096,10.510715,10.457568,10.577098,10.539593,10.501871,10.5248785,10.439281,10.457347,10.4522085,10.491672,10.494343,10.548327,10.623496,10.5432205,10.519743,10.544582,10.516318,10.504014,10.447883,10.551601,10.509727,10.607694,10.52646,10.54907,10.520032,10.487195,10.534494,10.577311,10.529295,10.522641,10.538333,10.534655,10.514767,10.5232115,10.493883,10.587625,10.540747,10.609165,10.515936,10.574246,10.520656,10.480794,10.51888,10.479618,10.487411,10.52588,10.521615,10.449385,10.387154,10.532685,10.463562,10.496105,10.523821,10.478729,10.543869,10.5898285,10.546913,10.513805,10.601891,10.576607
-0.73703355,-1.6842564,3.0583463,10.981126,11.127865,11.0641575,11.099109,11.083033,11.134808,11.107908,11.168508,11.064252,11.103223,11.094692,11.136606,11.0552,10.966158,11.154294,11.147801,11.0425415,11.129345,11.023214,11.074737,11.0743885,11.047485,11.031426,11.108512,11.090015,11.047577,11.084718,11.074117,11.055209,11.10546,11.048621,11.035045,11.071619,11.099812,11.129781,11.114947,11.12207,11.036991,11.065766,11.062445,11.113613,11.050855,11.06837,11.083853,11.112816,11.067435,11.101811,11.050817,11.101291,11.106398,11.041562,11.152994,10.988278,11.115703,11.064333,11.126891,11.093749,11.112282,11.146469,11.027993,11.000199,11.069551,11.124707,11.108107,11.118036,11.133608,11.092741,11.134966,11.1564245,11.14284,11.091191,11.086767,11.095906,11.017686,11.0316305,11.041285,11.123317,11.060451,11.097517,11.056656,11.113388,11.160606,11.036455,11.068131,11.114529,11.066534,11.056533,11.088648,11.112652,11.112348,11.087183,11.094091,11.046658,11.054888,10.995415,11.018257,11.019811,11.17697,11.078174,10.930441
-0.6933709,-1.3216107,3.0029848,11.067962,11.172364,11.122882,11.148039,11.151163,11.180119,11.151254,11.21485,11.137407,11.171749,11.136939,11.17824,11.124656,11.039636,11.203932,11.204371,11.109194,11.19183,11.095312,11.135474,11.123828,11.112299,11.139245,11.138988,11.14947,11.122085,11.145752,11.133091,11.132064,11.158514,11.09751,11.112634,11.140015,11.170575,11.170186,11.141741,11.169877,11.107369,11.141744,11.14309,11.177261,11.106915,11.12596,11.157898,11.179038,11.122904,11.142051,11.125723,11.147111,11.171518,11.122654,11.178547,11.073043,11.1618595,11.114432,11.166491,11.143264,11.151183,11.181286,11.080345,11.096013,11.129539,11.156572,11.151241,11.175014,11.178397,11.169769,11.177533,11.171944,11.195315,11.151812,11.134787,11.138205,11.100056,11.111981,11.106925,11.162504,11.120155,11.152365,11.135244,11.168011,11.191842,11.125551,11.122509,11.1899185,11.122819,11.129529,11.146164,11.148552,11.165335,11.176998,11.145269,11.121174,11.106387,11.070127,11.09581,11.100144,11.219418,11.144579,11.029373
-0.6497082,1.5159434,3.0175352,10.593577,10.3731575,10.521643,10.423206,10.480839,10.338968,10.496758,10.479697,10.476699,10.371166,10.472482,10.340532,10.437597,10.533514,10.423004,10.435615,10.388111,10.619939,10.537923,10.381627,10.495233,10.489934,10.614862,10.48755,10.409762,10.371246,10.5535965,10.497296,10.560191,10.571639,10.492686,10.380313,10.386327,10.599515,10.455683,10.443831,10.370716,10.416462,10.508711,10.506163,10.447561,10.411938,10.557301,10.51424,10.474206,10.470995,10.351062,10.411778,10.412701,10.425503,10.406574,10.502148,10.625694,10.519783,10.463378,10.520274,10.459229,10.403894,10.358809,10.535657,10.457786,10.585678,10.48616,10.522461,10.478336,10.452209,10.497287,10.5686,10.511362,10.492719,10.442444,10.49815,10.49791,10.498434,10.442024,10.5730715,10.524932,10.6203165,10.496899,10.491025,10.434028,10.428925,10.496074,10.437255,10.450941,10.499237,10.489203,10.356284,10.315743,10.470295,10.380459,10.451344,10.453539,10.434367,10.514464,10.561716,10.525402,10.413488,10.589378,10.55567
-0.6060455,0.44449392,3.101852,10.700017,10.667837,10.681669,10.634838,10.679788,10.589796,10.710376,10.632688,10.669975,10.67381,10.6223,10.620342,10.655187,10.662864,10.691412,10.705292,10.638716,10.759641,10.682838,10.655091,10.694418,10.679317,10.696347,10.649002,10.665013,10.613926,10.705573,10.672774,10.69946,10.694647,10.662839,10.646573,10.653538,10.715067,10.652588,10.676272,10.626254,10.648185,10.672256,10.682404,10.682968,10.630688,10.6993685,10.671393,10.653622,10.680184,10.622493,10.644815,10.622979,10.665782,10.654752,10.697551,10.700683,10.678417,10.672691,10.670782,10.672081,10.66471,10.632954,10.6670685,10.668241,10.724548,10.656502,10.675011,10.690081,10.640234,10.697306,10.684802,10.663615,10.676212,10.687214,10.669872,10.639823,10.663759,10.654631,10.6969185,10.670206,10.684019,10.650367,10.723101,10.6742,10.653659,10.656824,10.642838,10.647989,10.675167,10.6687765,10.636962,10.575842,10.688072,10.657635,10.650343,10.675505,10.643709,10.673234,10.69451,10.674916,10.6964855,10.709078,10.674132
-0.5623828,-0.058139306,3.2550926,10.823041,10.820724,10.817331,10.788352,10.8259945,10.779195,10.852112,10.808629,10.828879,10.831718,10.775251,10.785601,10.801985,10.776226,10.849875,10.855076,10.778421,10.887863,10.80136,10.816251,10.81332,10.831604,10.84468,10.796103,10.812713,10.781117,10.839099,10.817722,10.829884,10.832235,10.7998085,10.803854,10.807463,10.859419,10.806777,10.8097725,10.785652,10.790777,10.830943,10.824284,10.839448,10.78527,10.822658,10.824027,10.816807,10.821021,10.782954,10.811893,10.776683,10.819833,10.797336,10.828983,10.822075,10.8217945,10.811492,10.819605,10.812904,10.8096,10.795937,10.787382,10.820641,10.84963,10.802583,10.812901,10.84021,10.806688,10.8521,10.841607,10.806857,10.843716,10.818509,10.806091,10.790981,10.800828,10.799262,10.8327875,10.810487,10.815608,10.802348,10.857864,10.8106365,10.819159,10.820343,10.798972,10.814216,10.813615,10.809857,10.799279,10.745271,10.832175,10.827827,10.8005,10.816651,10.788356,10.804203,10.825714,10.815013,10.8544035,10.828213,10.79827
-0.5187202,1.7105144,3.4757264,10.596126,10.337533,10.516329,10.406894,10.470004,10.314659,10.484652,10.469074,10.463798,10.343112,10.46605,10.315226,10.4236145,10.533508,10.401072,10.39959,10.36969,10.61708,10.5357,10.345725,10.479829,10.480136,10.618012,10.478662,10.391938,10.348616,10.549144,10.488278,10.557377,10.569072,10.485013,10.355382,10.364156,10.599353,10.442712,10.429439,10.349317,10.400531,10.499821,10.496065,10.42996,10.394936,10.555301,10.506347,10.462678,10.458551,10.32766,10.392791,10.396238,10.406793,10.373712,10.490967,10.631756,10.512283,10.450923,10.514223,10.445596,10.36964,10.334583,10.534001,10.443327,10.583563,10.478059,10.517239,10.462959,10.439335,10.484438,10.56666,10.504895,10.480249,10.425575,10.490077,10.492763,10.49047,10.42864,10.571059,10.518628,10.626529,10.488966,10.47783,10.417395,10.411226,10.487625,10.422298,10.435744,10.490042,10.479517,10.330105,10.292059,10.455999,10.355688,10.438213,10.439079,10.418976,10.509313,10.560331,10.520227,10.379418,10.590282,10.557212
-0.4750575,0.105388,3.7615485,10.774288,10.763297,10.765002,10.728106,10.769088,10.710319,10.798188,10.743171,10.769046,10.77536,10.715975,10.724986,10.745023,10.732966,10.790468,10.799045,10.727982,10.8377695,10.753267,10.758524,10.76483,10.773137,10.788223,10.740891,10.755022,10.720497,10.788137,10.761489,10.782262,10.778689,10.74856,10.741887,10.75213,10.802245,10.747307,10.759165,10.726127,10.738464,10.770796,10.769637,10.781033,10.7272,10.772905,10.765208,10.755394,10.768239,10.723835,10.748997,10.7229595,10.762331,10.742727,10.779889,10.773464,10.766145,10.757781,10.762331,10.758443,10.753899,10.736038,10.740214,10.759095,10.80049,10.745438,10.7597,10.784573,10.742218,10.791578,10.7810335,10.752283,10.780476,10.76962,10.7567625,10.735043,10.749939,10.745222,10.780245,10.760277,10.766689,10.745296,10.805526,10.759394,10.756392,10.758037,10.739745,10.75364,10.758596,10.758487,10.740294,10.6803255,10.776258,10.764742,10.745852,10.761008,10.734634,10.753057,10.775918,10.758729,10.796962,10.78521,10.749375
-0.43139482,-0.3859861,4.109703,10.933909,10.956751,10.943463,10.920252,10.955631,10.939669,10.97841,10.960852,10.965445,10.972876,10.904411,10.92981,10.92932,10.885421,10.99191,10.9905405,10.908179,11.006097,10.912969,10.959287,10.924728,10.962602,10.97525,10.930475,10.944538,10.926092,10.954109,10.945118,10.956933,10.955344,10.924576,10.939627,10.945907,10.986547,10.942463,10.931201,10.922632,10.920374,10.969799,10.95231,10.9740715,10.921833,10.933966,10.9579735,10.958535,10.946947,10.923252,10.952243,10.9193735,10.958329,10.925022,10.955841,10.930612,10.948186,10.939324,10.953931,10.939351,10.93936,10.944277,10.900903,10.949101,10.967275,10.934289,10.93605,10.976439,10.943857,10.982794,10.974261,10.934325,10.99262,10.943834,10.931891,10.922434,10.929703,10.927046,10.953455,10.941418,10.936507,10.93421,10.98243,10.932631,10.958743,10.962958,10.93165,10.958064,10.935493,10.944111,10.942301,10.8903885,10.957228,10.970623,10.93804,10.9358225,10.916703,10.917761,10.944193,10.936443,10.996221,10.947281,10.911582
-0.38773212,-1.6003491,4.5167117,11.002579,11.143204,11.080031,11.112545,11.10094,11.14553,11.122803,11.185112,11.082834,11.118149,11.106867,11.14974,11.071183,10.986611,11.168221,11.160373,11.058782,11.145417,11.040111,11.091098,11.088928,11.064281,11.054137,11.118088,11.103858,11.063807,11.10197,11.090829,11.074604,11.121044,11.063019,11.0523815,11.085946,11.116032,11.140823,11.127595,11.131535,11.055134,11.084831,11.081661,11.1341915,11.066622,11.085296,11.100187,11.128111,11.082371,11.114413,11.070132,11.114901,11.119469,11.062035,11.163332,11.009816,11.130023,11.079185,11.138983,11.107486,11.126159,11.157935,11.045535,11.023398,11.082032,11.138639,11.121417,11.132923,11.146635,11.111307,11.147763,11.166299,11.154006,11.107376,11.100763,11.108594,11.039656,11.051764,11.058159,11.135648,11.075809,11.110035,11.075242,11.127568,11.1729555,11.056546,11.083985,11.131098,11.082676,11.073894,11.103968,11.122596,11.1286545,11.106017,11.10909,11.064177,11.070483,11.016614,11.035762,11.033987,11.187336,11.095835,10.952199
-0.34406945,1.2806731,4.9785075,10.590496,10.428721,10.528069,10.442931,10.493938,10.368361,10.521324,10.492541,10.492298,10.420469,10.48026,10.376341,10.454506,10.533521,10.449526,10.4791765,10.417327,10.623396,10.555006,10.428124,10.52334,10.5017805,10.611053,10.498297,10.440279,10.398611,10.55898,10.508201,10.563594,10.574742,10.501965,10.423349,10.429434,10.59971,10.471367,10.476733,10.396592,10.435725,10.519461,10.518372,10.468844,10.432496,10.559719,10.523785,10.488145,10.486041,10.383779,10.434739,10.432608,10.448127,10.446311,10.515667,10.618365,10.528851,10.478438,10.527591,10.475715,10.445313,10.39744,10.53766,10.475269,10.588236,10.495955,10.528776,10.49693,10.467776,10.512823,10.570945,10.519182,10.507795,10.481105,10.507913,10.504133,10.508064,10.458207,10.575505,10.532554,10.612805,10.506491,10.522478,10.463957,10.450325,10.506289,10.455339,10.4693165,10.510356,10.5009165,10.40099,10.344382,10.487581,10.410412,10.467219,10.472051,10.452978,10.520693,10.564588,10.531659,10.460232,10.588286,10.554222
-0.30040678,-0.5930746,5.490476,11.007271,11.049376,11.0240345,11.005908,11.044022,11.046216,11.061595,11.061753,11.053642,11.066347,10.99092,11.024893,11.013016,10.95833,11.0852785,11.078842,10.991094,11.086251,10.984589,11.051432,10.996361,11.052821,11.061711,11.015313,11.034109,11.023242,11.033868,11.026256,11.041903,11.039812,11.009578,11.029832,11.03857,11.072973,11.031243,11.011957,11.0133095,11.005706,11.060649,11.036541,11.062099,11.010125,11.009339,11.045685,11.0477295,11.029981,11.016224,11.041956,11.012411,11.045352,11.010901,11.039679,11.002533,11.031528,11.020477,11.043508,11.024113,11.01653,11.041298,10.9746475,11.031619,11.041847,11.020185,11.016833,11.0679,11.034241,11.069145,11.063318,11.019529,11.088133,11.025319,11.013062,11.00884,11.016733,11.01582,11.032172,11.028243,11.013366,11.023874,11.063186,11.017066,11.048712,11.056541,11.019396,11.057574,11.015824,11.034466,11.032542,10.987925,11.039295,11.063908,11.025811,11.014809,11.000073,10.993598,11.019711,11.019591,11.090276,11.025366,10.991068
-0.25674412,0.58509946,6.0475025,10.668656,10.627629,10.646763,10.595628,10.642286,10.539685,10.673308,10.586878,10.629073,10.63099,10.582935,10.57646,10.61732,10.633518,10.649677,10.665509,10.601253,10.726667,10.653244,10.611914,10.665116,10.641518,10.657803,10.610169,10.627232,10.569495,10.672102,10.635424,10.665039,10.659479,10.62675,10.606461,10.612071,10.678454,10.612972,10.641195,10.584363,10.610243,10.63072,10.645615,10.641799,10.590028,10.668367,10.632495,10.611038,10.642964,10.57988,10.601124,10.580886,10.625482,10.617442,10.662843,10.669943,10.641619,10.637277,10.632233,10.635852,10.627472,10.59021,10.635976,10.630347,10.692964,10.619217,10.639199,10.650254,10.598285,10.657873,10.644032,10.627051,10.632981,10.652931,10.633338,10.60114,10.627991,10.617471,10.661752,10.632137,10.649377,10.610536,10.688865,10.638743,10.610492,10.614232,10.602433,10.603604,10.640559,10.631488,10.593333,10.532251,10.652211,10.612495,10.610021,10.640271,10.605491,10.639742,10.661154,10.639739,10.654053,10.67738,10.642399
-0.21308142,-1.0748202,6.644021,11.096313,11.180492,11.142046,11.151639,11.16517,11.187776,11.169198,11.217051,11.168449,11.190996,11.143331,11.186413,11.141107,11.057501,11.224875,11.211083,11.114779,11.199277,11.099139,11.170169,11.13247,11.14635,11.167486,11.1445265,11.162231,11.146154,11.152287,11.152818,11.158726,11.168344,11.115513,11.139314,11.159329,11.183943,11.174547,11.1375265,11.157944,11.1301565,11.168811,11.163343,11.193603,11.1287155,11.129492,11.170292,11.191662,11.143797,11.155277,11.156476,11.154027,11.1862335,11.128286,11.17173,11.095659,11.163162,11.132471,11.184956,11.1484585,11.143436,11.192762,11.089059,11.127758,11.151034,11.1574135,11.150703,11.192914,11.181797,11.195529,11.188126,11.157617,11.217932,11.166033,11.147438,11.141323,11.130677,11.137017,11.135243,11.17271,11.124457,11.161238,11.169502,11.160015,11.188995,11.160617,11.145932,11.191725,11.1338825,11.15012,11.16791,11.142678,11.181736,11.195162,11.154737,11.13949,11.112209,11.100734,11.120027,11.1315775,11.232151,11.156528,11.073032
-0.16941874,1.1705906,7.2740717,10.589149,10.4602,10.542184,10.452161,10.510567,10.382114,10.539302,10.498551,10.499598,10.452684,10.483899,10.399111,10.469103,10.539996,10.475895,10.499853,10.4440365,10.625013,10.566086,10.449881,10.5413685,10.515877,10.609271,10.503325,10.469867,10.411415,10.568085,10.518137,10.5651865,10.576195,10.5149555,10.443486,10.449843,10.599802,10.478705,10.495214,10.410645,10.452881,10.52449,10.524084,10.486484,10.442115,10.562588,10.528251,10.494667,10.50421,10.407725,10.445481,10.441921,10.459646,10.464904,10.522295,10.614936,10.533093,10.493168,10.5310135,10.491619,10.471658,10.419429,10.538596,10.488295,10.593481,10.50883,10.532512,10.5056305,10.47506,10.520092,10.5720415,10.522841,10.51485,10.508299,10.516616,10.507045,10.512571,10.4723215,10.576643,10.536119,10.60929,10.510979,10.544208,10.489707,10.460339,10.511068,10.463801,10.477914,10.515558,10.506396,10.423666,10.357782,10.501348,10.429974,10.4746475,10.493301,10.461686,10.527932,10.576582,10.534587,10.482103,10.588537,10.564858
-0.12575607,-1.2188627,7.9313583,11.085771,11.185748,11.135323,11.15925,11.16517,11.193555,11.163076,11.223675,11.156604,11.187167,11.151218,11.194774,11.142138,11.056391,11.219595,11.217035,11.122605,11.204881,11.109754,11.158518,11.137745,11.128119,11.159555,11.149202,11.16354,11.138464,11.15781,11.152018,11.149199,11.174337,11.112546,11.132496,11.151436,11.186398,11.183779,11.145233,11.171153,11.121226,11.160496,11.159223,11.19034,11.11677,11.138676,11.169749,11.1953335,11.140148,11.154734,11.146756,11.160647,11.184679,11.13654,11.181743,11.09435,11.171164,11.128552,11.1778755,11.155044,11.15911,11.191496,11.090049,11.117372,11.142969,11.16665,11.157129,11.190797,11.187992,11.193751,11.187949,11.174031,11.209048,11.165959,11.148874,11.149168,11.117436,11.132004,11.126662,11.174531,11.1281185,11.166664,11.153973,11.175215,11.20461,11.146552,11.141755,11.198509,11.1330185,11.145837,11.162454,11.150505,11.178921,11.189884,11.158859,11.137455,11.114529,11.087549,11.115623,11.120013,11.230616,11.156653,11.057636
-0.08209338,-1.3595139,8.609315,11.062657,11.168809,11.117144,11.141991,11.146321,11.1747675,11.1493,11.211307,11.132863,11.163549,11.133476,11.17414,11.119241,11.036532,11.200026,11.1993065,11.103333,11.18668,11.088343,11.130388,11.118449,11.109171,11.128362,11.135224,11.144733,11.116464,11.140046,11.129059,11.128957,11.156064,11.093297,11.104576,11.13366,11.166752,11.165955,11.14294,11.167585,11.103862,11.135258,11.136431,11.17555,11.103284,11.12252,11.152642,11.17289,11.11683,11.137038,11.118102,11.142816,11.165966,11.11763,11.18045,11.0678425,11.161875,11.111626,11.164563,11.137101,11.148563,11.180323,11.075506,11.087687,11.121883,11.157183,11.149682,11.167109,11.176742,11.161528,11.175054,11.173376,11.190593,11.146786,11.132682,11.136629,11.0948515,11.1045065,11.102409,11.162913,11.116576,11.147693,11.129494,11.165353,11.187544,11.118857,11.118837,11.183198,11.118553,11.122392,11.14129,11.147971,11.160323,11.170832,11.141819,11.115134,11.105209,11.066832,11.090554,11.0918865,11.214995,11.138917,11.019307
-0.03843071,-1.7307673,9.301167,10.969363,11.119605,11.055826,11.091959,11.073566,11.1288595,11.098663,11.159118,11.053008,11.095175,11.088003,11.129551,11.046794,10.954898,11.146781,11.141338,11.03367,11.120762,11.013343,11.066285,11.066638,11.036838,11.019282,11.103494,11.0828085,11.039829,11.07565,11.06502,11.044604,11.09725,11.040698,11.025951,11.064021,11.090651,11.123882,11.108793,11.115985,11.02705,11.055317,11.05117,11.102401,11.042387,11.058988,11.075011,11.104752,11.059548,11.0928755,11.042346,11.093884,11.09955,11.030352,11.147598,10.976544,11.107765,11.056277,11.120256,11.085694,11.104903,11.141037,11.018061,10.987972,11.061168,11.116993,11.101635,11.110394,11.126387,11.083184,11.126648,11.151077,11.137036,11.083299,11.079078,11.088964,11.0056305,11.020998,11.031932,11.116688,11.052477,11.090795,11.046943,11.105964,11.154154,11.025499,11.059843,11.106121,11.058166,11.047615,11.081152,11.107218,11.103308,11.076908,11.085829,11.037612,11.046379,10.984047,11.008966,11.011986,11.171223,11.068648,10.918558
0.005231969,0.36568058,10.0,10.7171955,10.690148,10.701117,10.656515,10.700569,10.617807,10.730784,10.658365,10.692578,10.697453,10.644079,10.644939,10.676065,10.679156,10.714649,10.727451,10.659463,10.777799,10.699207,10.679131,10.710783,10.700504,10.717717,10.670358,10.685932,10.638695,10.724111,10.693393,10.718704,10.714179,10.682762,10.668987,10.676452,10.735459,10.6746025,10.695662,10.649466,10.669167,10.6952,10.702794,10.705832,10.653123,10.716459,10.693197,10.677275,10.700963,10.646106,10.669028,10.646229,10.688221,10.675523,10.716805,10.717713,10.698807,10.692468,10.692312,10.69223,10.685439,10.656912,10.684069,10.689302,10.742198,10.677402,10.694786,10.712085,10.663747,10.718925,10.707541,10.683838,10.700445,10.706367,10.690351,10.661359,10.683789,10.675343,10.716396,10.691139,10.703233,10.672693,10.742258,10.694,10.677535,10.68035,10.665339,10.6725445,10.694557,10.689626,10.66128,10.600125,10.708173,10.682539,10.672844,10.694933,10.664842,10.691786,10.712803,10.6946335,10.719837,10.726772,10.691628
0.048894648,-0.5043621,10.698833,10.976125,11.010553,10.990258,10.9703455,11.006455,11.000891,11.026192,11.019608,11.016847,11.027355,10.954982,10.985524,10.977279,10.928131,11.045156,11.041564,10.954771,11.053262,10.954622,11.012748,10.965697,11.01475,11.023282,10.978958,10.996034,10.982355,11.000238,10.99312,11.007136,11.003616,10.972789,10.990822,10.9982815,11.036048,10.993896,10.977521,10.9751425,10.969189,11.021133,11.000486,11.0245285,10.973475,10.977136,11.008632,11.011919,10.993885,10.976937,11.00392,10.974127,11.009345,10.974648,11.0028,10.971078,10.996455,10.987528,11.005204,10.988086,10.987239,10.999433,10.942673,10.997586,11.010901,10.983736,10.98372,11.028885,10.995955,11.032758,11.026584,10.98353,11.047084,10.990689,10.979123,10.971955,10.978788,10.978137,10.998967,10.991561,10.981953,10.984755,11.0301075,10.980004,11.01108,11.018375,10.9828,11.014378,10.981313,10.995852,10.994076,10.946141,11.00544,11.0246315,10.988723,10.980061,10.964524,10.962585,10.9884615,10.98399,11.050191,10.993198,10.955708
0.092557326,1.5924642,11.390685,10.59458,10.358184,10.519553,10.416791,10.476578,10.329408,10.491998,10.475519,10.471624,10.359473,10.469953,10.33058,10.432098,10.533512,10.414379,10.421447,10.380866,10.618814,10.537048,10.366505,10.486186,10.48608,10.616101,10.484055,10.402753,10.362347,10.551846,10.49375,10.559084,10.570629,10.489669,10.368996,10.377607,10.599451,10.450582,10.438171,10.3623,10.410196,10.505215,10.502192,10.4406395,10.4052515,10.556514,10.511136,10.469672,10.466101,10.341858,10.404311,10.406227,10.418144,10.39365,10.49775,10.6280775,10.516833,10.45848,10.517895,10.453868,10.390423,10.349281,10.535006,10.4521,10.5848465,10.482974,10.520408,10.472289,10.447146,10.492234,10.567837,10.508819,10.487815,10.435809,10.494975,10.495885,10.495302,10.43676,10.572281,10.522453,10.62276,10.493779,10.485836,10.427485,10.421964,10.492751,10.431374,10.444964,10.495621,10.485394,10.345988,10.306429,10.464673,10.370717,10.446179,10.447853,10.428314,10.512439,10.561172,10.523367,10.398286,10.589734,10.556276
0.13622001,-0.86069274,12.068642,11.064273,11.133032,11.097653,11.10268,11.119433,11.137165,11.135808,11.1573715,11.132464,11.157272,11.08845,11.129402,11.100217,11.025946,11.18015,11.167497,11.077054,11.150227,11.055225,11.134054,11.084525,11.128459,11.13667,11.10225,11.125779,11.116779,11.116872,11.115775,11.117225,11.123669,11.089901,11.1049595,11.120754,11.153418,11.125835,11.0846195,11.106285,11.082297,11.137906,11.122032,11.158876,11.086696,11.086517,11.1412325,11.138834,11.107626,11.105184,11.127957,11.102898,11.136793,11.088961,11.1228285,11.064753,11.119557,11.089234,11.138764,11.107786,11.097759,11.141108,11.046182,11.103074,11.115012,11.109356,11.1026535,11.160138,11.128715,11.152774,11.143953,11.102035,11.179865,11.11658,11.102543,11.087691,11.101863,11.092859,11.102386,11.113539,11.086295,11.114638,11.143878,11.115512,11.139167,11.142928,11.106126,11.155608,11.092223,11.111462,11.123896,11.080696,11.129433,11.154821,11.112427,11.099828,11.076234,11.072321,11.079662,11.090979,11.181397,11.10905,11.054742
0.17988268,-0.5219899,12.725928,10.982476,11.018238,10.997182,10.977811,11.013942,11.010001,11.033247,11.027552,11.024274,11.03542,10.962361,10.99366,10.9844885,10.934296,11.053124,11.048836,10.961732,11.060072,10.960937,11.020383,10.971809,11.022253,11.030944,10.986375,11.00341,10.99068,11.00669,11.000004,11.01413,11.010668,10.980004,10.998578,11.0064945,11.0431185,11.001482,10.984384,10.982802,10.976455,11.028842,11.007631,11.0318575,10.981193,10.98362,11.0161495,11.0195465,11.001045,10.984998,11.011469,10.982046,11.016839,10.981801,11.00985,10.977167,11.00334,10.99469,11.012551,10.995203,10.994228,11.007376,10.949032,11.00471,11.017336,10.99104,10.990841,11.036481,11.003609,11.039721,11.034399,10.990941,11.055191,10.9974985,10.986027,10.979435,10.986011,10.985574,11.005728,10.998725,10.988346,10.992279,11.037149,10.987433,11.018843,11.026163,10.990494,11.02301,10.988186,11.003469,11.001661,10.95445,11.012305,11.032567,10.996254,10.986843,10.9715805,10.968711,10.995049,10.991382,11.057897,10.999592,10.962698
0.22354534,-0.08107207,13.355979,10.830711,10.829964,10.826051,10.797481,10.834976,10.790296,10.860697,10.819207,10.838352,10.84158,10.784193,10.795589,10.810802,10.783778,10.8597355,10.864413,10.787144,10.895873,10.808793,10.825828,10.820945,10.840715,10.85347,10.805396,10.821566,10.791233,10.847131,10.826592,10.838518,10.840826,10.80824,10.813246,10.817059,10.868276,10.816096,10.818208,10.7952,10.799751,10.84051,10.833174,10.848804,10.794427,10.830122,10.833353,10.826614,10.829747,10.792717,10.821501,10.786606,10.829363,10.806133,10.837221,10.829678,10.830594,10.820333,10.828672,10.821649,10.818646,10.805843,10.794927,10.829508,10.857763,10.81169,10.821234,10.849458,10.816186,10.861086,10.850845,10.815629,10.853999,10.827043,10.814822,10.800017,10.809842,10.807917,10.840879,10.819527,10.824028,10.811436,10.866494,10.8190775,10.828878,10.830256,10.808194,10.824062,10.822102,10.818879,10.808901,10.7553425,10.840557,10.837829,10.810017,10.824805,10.797229,10.811987,10.833908,10.823507,10.864043,10.836426,10.806145
0.26720804,1.4530017,13.9524975,10.592752,10.385474,10.523361,10.428484,10.484343,10.346831,10.500676,10.483133,10.480872,10.3843565,10.474563,10.348719,10.4421215,10.533516,10.4300995,10.4472685,10.39407,10.620864,10.538641,10.394067,10.502752,10.493103,10.613843,10.490425,10.415528,10.378568,10.555037,10.500214,10.561102,10.572469,10.495169,10.391827,10.397483,10.599566,10.459879,10.448487,10.377639,10.421616,10.511587,10.509429,10.453256,10.417438,10.557947,10.516794,10.477935,10.47502,10.358632,10.417921,10.418027,10.431555,10.417205,10.505764,10.6237335,10.522209,10.467407,10.522231,10.463639,10.414975,10.366646,10.536193,10.462463,10.586362,10.488781,10.524151,10.483311,10.456374,10.501443,10.569226,10.513454,10.496752,10.451028,10.500762,10.499575,10.501011,10.446353,10.573723,10.526971,10.618307,10.499465,10.495294,10.439408,10.434649,10.498806,10.442093,10.455857,10.502212,10.492337,10.365491,10.323404,10.47492,10.388473,10.45559,10.458217,10.439346,10.51613,10.562163,10.527076,10.425994,10.589087,10.555171
0.3108707,-0.9842558,14.509523,11.080629,11.162029,11.124043,11.127229,11.14487,11.165669,11.161072,11.189162,11.153923,11.176522,11.117998,11.161964,11.124003,11.043754,11.206843,11.189796,11.097318,11.1788435,11.080677,11.155294,11.111032,11.141259,11.152772,11.12505,11.149008,11.133367,11.135954,11.138384,11.14443,11.150025,11.104542,11.124941,11.142612,11.171576,11.150308,11.116941,11.134932,11.114687,11.154968,11.149849,11.182516,11.111316,11.11046,11.154026,11.168314,11.125465,11.133547,11.139593,11.129774,11.167514,11.113047,11.153848,11.083907,11.149487,11.113397,11.167139,11.1303425,11.127277,11.169613,11.072779,11.11785,11.137659,11.137205,11.130102,11.176928,11.160058,11.175831,11.169163,11.1348505,11.203058,11.145839,11.129549,11.115352,11.1186495,11.118613,11.123008,11.150675,11.106889,11.142017,11.1573515,11.138429,11.168629,11.1524515,11.128601,11.174232,11.115546,11.134018,11.150238,11.118899,11.16502,11.176228,11.136666,11.126274,11.0945425,11.090168,11.10352,11.116593,11.212561,11.137332,11.063781
0.35453337,0.82029957,15.021493,10.623254,10.56037,10.58837,10.529648,10.579555,10.455166,10.611296,10.529617,10.560654,10.559362,10.532722,10.503056,10.553633,10.584183,10.579866,10.598963,10.538096,10.67144,10.603564,10.538956,10.615405,10.577989,10.633133,10.552914,10.564015,10.494576,10.616113,10.57289,10.608837,10.606587,10.566355,10.539361,10.54266,10.634951,10.546296,10.5825205,10.514025,10.546673,10.569508,10.584075,10.572933,10.522014,10.616451,10.574686,10.54279,10.580705,10.508596,10.527968,10.510473,10.55764,10.555032,10.604784,10.64104,10.579615,10.577687,10.577999,10.575249,10.564879,10.518102,10.583889,10.56696,10.6395035,10.559622,10.580219,10.583633,10.528952,10.5918455,10.608021,10.565805,10.565473,10.5948305,10.572223,10.547792,10.567186,10.554635,10.615102,10.574333,10.628554,10.551094,10.6307535,10.578873,10.538215,10.557631,10.534447,10.528969,10.582021,10.568639,10.520351,10.458688,10.591634,10.536986,10.54257,10.581231,10.541223,10.583628,10.614746,10.580896,10.582948,10.627009,10.598706
0.39819604,0.16293871,15.483289,10.761386,10.747124,10.750877,10.712277,10.753938,10.689864,10.783285,10.724421,10.750428,10.758135,10.700079,10.707335,10.729776,10.721069,10.773528,10.7832155,10.712832,10.82451,10.741315,10.74097,10.75288,10.755009,10.7726345,10.725296,10.739747,10.702411,10.771621,10.746432,10.7682085,10.764426,10.734013,10.725769,10.735397,10.787479,10.731232,10.745124,10.709177,10.723143,10.754082,10.754858,10.764406,10.710821,10.760426,10.749287,10.738121,10.753364,10.706649,10.731316,10.705995,10.745946,10.727868,10.765942,10.761138,10.751256,10.7433405,10.74685,10.743509,10.738763,10.718544,10.7278,10.74327,10.787601,10.730419,10.745348,10.768546,10.724235,10.77454,10.764785,10.735859,10.762781,10.755634,10.742079,10.716137,10.735313,10.7286215,10.766128,10.74499,10.75266,10.72925,10.791537,10.744935,10.738956,10.74086,10.723225,10.73571,10.744437,10.743261,10.722824,10.662593,10.759882,10.746567,10.72971,10.74491,10.719204,10.73951,10.759421,10.744573,10.77991,10.772289,10.736392
0.44185874,,15.890297,,,,,,,,,,,,,,,,,,,,,,,,,,,,,,,,,,,,,,,,,,,,,,,,,,,,,,,,,,,,,,,,,,,,,,,,,,,,,,,,,,,,,,,,,,,,,,,,,,,,
0.4855214,,16.238451,,,,,,,,,,,,,,,,,,,,,,,,,,,,,,,,,,,,,,,,,,,,,,,,,,,,,,,,,,,,,,,,,,,,,,,,,,,,,,,,,,,,,,,,,,,,,,,,,,,,
0.5291841,,16.524273,,,,,,,,,,,,,,,,,,,,,,,,,,,,,,,,,,,,,,,,,,,,,,,,,,,,,,,,,,,,,,,,,,,,,,,,,,,,,,,,,,,,,,,,,,,,,,,,,,,,
0.5728467,,16.744907,,,,,,,,,,,,,,,,,,,,,,,,,,,,,,,,,,,,,,,,,,,,,,,,,,,,,,,,,,,,,,,,,,,,,,,,,,,,,,,,,,,,,,,,,,,,,,,,,,,,
0.61650944,,16.898148,,,,,,,,,,,,,,,,,,,,,,,,,,,,,,,,,,,,,,,,,,,,,,,,,,,,,,,,,,,,,,,,,,,,,,,,,,,,,,,,,,,,,,,,,,,,,,,,,,,,
0.6601721,,16.982466,,,,,,,,,,,,,,,,,,,,,,,,,,,,,,,,,,,,,,,,,,,,,,,,,,,,,,,,,,,,,,,,,,,,,,,,,,,,,,,,,,,,,,,,,,,,,,,,,,,,
0.70383483,,16.997015,,,,,,,,,,,,,,,,,,,,,,,,,,,,,,,,,,,,,,,,,,,,,,,,,,,,,,,,,,,,,,,,,,,,,,,,,,,,,,,,,,,,,,,,,,,,,,,,,,,,
0.7474975,,16.941654,,,,,,,,,,,,,,,,,,,,,,,,,,,,,,,,,,,,,,,,,,,,,,,,,,,,,,,,,,,,,,,,,,,,,,,,,,,,,,,,,,,,,,,,,,,,,,,,,,,,
0.7911601,,16.816933,,,,,,,,,,,,,,,,,,,,,,,,,,,,,,,,,,,,,,,,,,,,,,,,,,,,,,,,,,,,,,,,,,,,,,,,,,,,,,,,,,,,,,,,,,,,,,,,,,,,
0.83482283,,16.6241,,,,,,,,,,,,,,,,,,,,,,,,,,,,,,,,,,,,,,,,,,,,,,,,,,,,,,,,,,,,,,,,,,,,,,,,,,,,,,,,,,,,,,,,,,,,,,,,,,,,
0.8784855,,16.365082,,,,,,,,,,,,,,,,,,,,,,,,,,,,,,,,,,,,,,,,,,,,,,,,,,,,,,,,,,,,,,,,,,,,,,,,,,,,,,,,,,,,,,,,,,,,,,,,,,,,
0.9221481,,16.042465,,,,,,,,,,,,,,,,,,,,,,,,,,,,,,,,,,,,,,,,,,,,,,,,,,,,,,,,,,,,,,,,,,,,,,,,,,,,,,,,,,,,,,,,,,,,,,,,,,,,
0.9658109,,15.659474,,,,,,,,,,,,,,,,,,,,,,,,,,,,,,,,,,,,,,,,,,,,,,,,,,,,,,,,,,,,,,,,,,,,,,,,,,,,,,,,,,,,,,,,,,,,,,,,,,,,
1.0094736,,15.219936,,,,,,,,,,,,,,,,,,,,,,,,,,,,,,,,,,,,,,,,,,,,,,,,,,,,,,,,,,,,,,,,,,,,,,,,,,,,,,,,,,,,,,,,,,,,,,,,,,,,
1.0531362,,14.728242,,,,,,,,,,,,,,,,,,,,,,,,,,,,,,,,,,,,,,,,,,,,,,,,,,,,,,,,,,,,,,,,,,,,,,,,,,,,,,,,,,,,,,,,,,,,,,,,,,,,
1.0967989,,14.189305,,,,,,,,,,,,,,,,,,,,,,,,,,,,,,,,,,,,,,,,,,,,,,,,,,,,,,,,,,,,,,,,,,,,,,,,,,,,,,,,,,,,,,,,,,,,,,,,,,,,
1.1404616,,13.60851,,,,,,,,,,,,,,,,,,,,,,,,,,,,,,,,,,,,,,,,,,,,,,,,,,,,,,,,,,,,,,,,,,,,,,,,,,,,,,,,,,,,,,,,,,,,,,,,,,,,
1.1841242,,12.991659,,,,,,,,,,,,,,,,,,,,,,,,,,,,,,,,,,,,,,,,,,,,,,,,,,,,,,,,,,,,,,,,,,,,,,,,,,,,,,,,,,,,,,,,,,,,,,,,,,,,
1.2277869,,12.344917,,,,,,,,,,,,,,,,,,,,,,,,,,,,,,,,,,,,,,,,,,,,,,,,,,,,,,,,,,,,,,,,,,,,,,,,,,,,,,,,,,,,,,,,,,,,,,,,,,,,
1.2714497,,11.674746,,,,,,,,,,,,,,,,,,,,,,,,,,,,,,,,,,,,,,,,,,,,,,,,,,,,,,,,,,,,,,,,,,,,,,,,,,,,,,,,,,,,,,,,,,,,,,,,,,,,
1.3151122,,10.98784,,,,,,,,,,,,,,,,,,,,,,,,,,,,,,,,,,,,,,,,,,,,,,,,,,,,,,,,,,,,,,,,,,,,,,,,,,,,,,,,,,,,,,,,,,,,,,,,,,,,
1.3587749,,10.291064,,,,,,,,,,,,,,,,,,,,,,,,,,,,,,,,,,,,,,,,,,,,,,,,,,,,,,,,,,,,,,,,,,,,,,,,,,,,,,,,,,,,,,,,,,,,,,,,,,,,
1.4024377,,9.591381,,,,,,,,,,,,,,,,,,,,,,,,,,,,,,,,,,,,,,,,,,,,,,,,,,,,,,,,,,,,,,,,,,,,,,,,,,,,,,,,,,,,,,,,,,,,,,,,,,,,
1.4461002,,8.895781,,,,,,,,,,,,,,,,,,,,,,,,,,,,,,,,,,,,,,,,,,,,,,,,,,,,,,,,,,,,,,,,,,,,,,,,,,,,,,,,,,,,,,,,,,,,,,,,,,,,
1.489763,,8.211212,,,,,,,,,,,,,,,,,,,,,,,,,,,,,,,,,,,,,,,,,,,,,,,,,,,,,,,,,,,,,,,,,,,,,,,,,,,,,,,,,,,,,,,,,,,,,,,,,,,,
1.5334257,,7.5445175,,,,,,,,,,,,,,,,,,,,,,,,,,,,,,,,,,,,,,,,,,,,,,,,,,,,,,,,,,,,,,,,,,,,,,,,,,,,,,,,,,,,,,,,,,,,,,,,,,,,
1.5770882,,6.902357,,,,,,,,,,,,,,,,,,,,,,,,,,,,,,,,,,,,,,,,,,,,,,,,,,,,,,,,,,,,,,,,,,,,,,,,,,,,,,,,,,,,,,,,,,,,,,,,,,,,
1.620751,,6.291147,,,,,,,,,,,,,,,,,,,,,,,,,,,,,,,,,,,,,,,,,,,,,,,,,,,,,,,,,,,,,,,,,,,,,,,,,,,,,,,,,,,,,,,,,,,,,,,,,,,,
1.6644137,,5.716995,,,,,,,,,,,,,,,,,,,,,,,,,,,,,,,,,,,,,,,,,,,,,,,,,,,,,,,,,,,,,,,,,,,,,,,,,,,,,,,,,,,,,,,,,,,,,,,,,,,,
1.7080764,,5.185637,,,,,,,,,,,,,,,,,,,,,,,,,,,,,,,,,,,,,,,,,,,,,,,,,,,,,,,,,,,,,,,,,,,,,,,,,,,,,,,,,,,,,,,,,,,,,,,,,,,,
1.7517391,,4.7023826,,,,,,,,,,,,,,,,,,,,,,,,,,,,,,,,,,,,,,,,,,,,,,,,,,,,,,,,,,,,,,,,,,,,,,,,,,,,,,,,,,,,,,,,,,,,,,,,,,,,
